ppl,ub_ar,ub_ne,ub_he,urf_ar,urf_ne,urf_he,d1h_b_ar,d1h_b_ne,d1h_b_he,s_ar,s_ne,s_he
1.0,20.92506312647061,52.601044276178044,69.18298853456218,5.78152700269934,5.11735117970383,5.30847371400853,0.0,0.0,0.0,,,
2.0,12.87645375875641,43.52401039773631,58.936548395830776,12.4434639844091,10.6498076867619,10.5157202145456,0.0,0.0,0.0,,,
3.0,6.062700459058185,36.41267521027939,51.2088464282426,18.747834578315,15.9883219275674,15.538470700211,0.0,0.0,0.0,,,
4.0,-0.04411625930718088,30.20993512941338,44.59225402006915,24.6576299024004,21.1041032856853,20.3879981944564,0.0,0.0,0.0,,,
5.0,-5.647954572623426,24.57710929903661,38.63859422677001,30.2146681137439,26.0080328564255,25.0786749546136,0.0,0.0,0.0,,,
6.0,-10.862685676635746,19.354434882584126,33.142626463264634,35.4661310292497,30.718058473246,29.6240589584205,0.0,0.0,0.0,,,
7.0,-15.76231045990243,14.450189084064874,27.99084194516474,40.4530951978887,35.2522759910139,34.0362817131058,0.0,0.0,0.0,-1.0,,
8.0,-20.39912635502644,9.805067013815979,23.11256415470944,45.2096528459407,39.6271911819376,38.3260669302562,0.0,0.0,0.0,-1.0,,
9.0,-24.81198575530365,5.377593214589098,18.460095616505114,49.7637744069048,43.8573916465079,42.5028333089043,0.0,0.0,0.0,-1.0,,
10.0,-29.03083713369399,1.1371228215688518,13.999222041975983,54.1385232964203,47.9556410049219,46.5749346572813,0.0,0.0,0.0,-1.0,,
11.0,-33.07940397461515,-2.939915945052391,9.70431474949121,58.3530744469522,51.9330889788484,50.5497645140972,0.0,0.0,0.002344837569774581,-1.0,-1.0,1.0
12.0,-36.976887174488326,-6.8722161766387515,5.555486857686866,62.4235206212941,55.7994953289535,54.4339047745935,0.0,0.0,0.0047433587965971125,-1.0,-1.0,1.0
13.0,-40.73910198628318,-10.67496000648677,1.5368736612820086,66.3634953686597,59.5634344846147,58.2332400221377,0.0,0.0,0.011090163712455796,-1.0,-1.0,1.0
14.0,-44.379267084394684,-14.360716259646225,-2.364467993664313,70.184652461451,63.2324723165968,61.9530536240063,0.0,0.0,0.021637424822269526,-1.0,-1.0,1.0
15.0,-47.90856934850136,-17.94005470829589,-6.1592945626840745,73.8970364848185,66.8133153140912,65.5981083780998,0.0,0.0,0.036495042337827494,-1.0,-1.0,1.0
16.0,-51.336578535871006,-21.422003193476655,-9.856684139170525,77.5093715304973,70.3119575573412,69.1727143109504,0.0,0.0,0.05565113008596509,-1.0,-1.0,1.0
17.0,-54.67155834447331,-24.814271960755278,-13.464398843959387,81.0292881560695,73.7336914535037,72.6807858639637,0.0,0.0,0.07899404173479746,-1.0,-1.0,1.0
18.0,-57.920704090621555,-28.123636602683547,-16.989149936728126,84.463503512108,77.0833415483905,76.1258903274355,0.0,0.0007442253140319473,0.10633431642211891,-1.0,-0.981778676152781,1.0
19.0,-61.090327246224824,-31.356015468431764,-20.436796157156756,87.8179656460782,80.3652337385992,79.5112890449818,0.0,0.003182648323346038,0.13742530263988595,-1.0,-0.94096762149646,1.0
20.0,-64.18600075020615,-34.51663703882067,-23.81249504592664,91.0979701541316,83.5832837764101,82.8399726277186,0.0,0.008746078004776439,0.17198162646149623,-1.0,-0.875188140490947,1.0
21.0,-67.21269310744917,-37.610150242360554,-27.12082039794371,94.3082746400822,86.7410487777502,86.1146911856928,0.0,0.017771435285478265,0.20969503796109623,-1.0,-0.801363706983693,1.0
22.0,-70.17478499194029,-40.64071259029701,-30.36585482836609,97.4530953776852,89.8417708907406,89.3379803967227,0.0,0.030364831676256615,0.25024748000123026,-1.0,-0.729158480600611,1.00002545021236
23.0,-73.07626712415612,-43.612061446962144,-33.551263721632345,100.536301232731,92.8884144898965,92.512184082207,0.0,0.04660879239535503,0.29332144643998975,-1.0,-0.662289261602508,0.999878076361275
24.0,-75.9207166658249,-46.52757228703878,-36.680355029590444,103.56137628746,95.8836980014958,95.6394738385223,0.0002603093492735364,0.06656507424892251,0.3386078510145,-0.99946232546906,-0.60178447598451,0.998699212171711
25.0,-78.71137206801636,-49.39030677851661,-39.75612815753297,106.531489557028,98.8301212573149,98.7218661753892,0.0012721469758158461,0.09027712090075225,0.38581171302488876,-0.997611676352536,-0.547532868807545,0.996853998235975
26.0,-81.45117637640041,-52.20305281608695,-42.781314325441485,109.449533287742,101.729989107179,101.761237534197,0.00346567750845931,0.11777221376724416,0.43465600184883585,-0.994053658106774,-0.498990126395617,0.994556421216393
27.0,-84.14281365887774,-54.96835811750349,-45.75841019030864,112.318155503443,104.585431887281,104.759337495859,0.007230623497038641,0.14906336528158873,0.4848839817770932,-0.988608123876693,-0.455491712670947,0.991947150592147
28.0,-86.78873984735905,-57.688558622167974,-48.689706083625886,115.139787815415,107.398423234149,107.717800436277,0.012590204968597663,0.1841509923972612,0.5362603749975592,-0.981706078310452,-0.416385021558628,0.989120721515446
29.0,-89.3912090076421,-60.365802655277534,-51.57730990347866,117.91666930736,110.170795648035,110.63815584548,0.019562867195337705,0.2230244012445446,0.5885716239856272,-0.973678298485636,-0.381079594591899,0.986141994939856
30.0,-91.95229584039441,-63.00207161423369,-54.423167468250575,120.650867148594,112.90425413996,113.521837492114,0.028162850830664145,0.2656631086569931,0.6416254925689484,-0.964780265395262,-0.349060911501234,0.983056368914365
31.0,-94.47391505446767,-65.5991977774107,-57.229079965036156,123.344294464605,115.600388240326,116.370191586662,0.0384006836908896,0.3120380215067032,0.6952502027272361,-0.955210553061304,-0.319888705991888,0.979896249941892
32.0,-96.95783812853144,-68.1588797153947,-59.996718994242435,125.998725896371,118.260682601176,119.184484073401,0.05028360693641276,0.3621124919649103,0.7492932647036487,-0.945124457956794,-0.293189396933429,0.976685231989988
33.0,-99.40570787921808,-70.68269569193995,-62.7276396111547,128.615811202201,120.886526386675,121.96590716171,0.06381594604614951,0.41584326327595333,0.8036201231626552,-0.934644156568341,-0.268646941250367,0.973440840364295
34.0,-101.81905117698525,-73.17211536934295,-65.42329168741895,131.197087193885,123.47922161571,124.715585191205,0.07899943513336903,0.47318131910410705,0.8581127123827339,-0.923866320106913,-0.245993948816918,0.9701763600029
35.0,-104.19929008983983,-75.62851007577484,-68.08502985468843,133.743988249053,126.039990595102,127.43457991166,0.09583350147871988,0.5340726471505565,0.9126679889238362,-0.912867857651232,-0.225003758281085,0.966902069661243
36.0,-106.54775168629008,-78.05316184670683,-70.71412224491955,136.257855601367,128.569982561014,130.123895247346,0.11431551615056587,0.5984589264608068,0.9671964904756434,-0.901710274034901,-0.205483654576769,0.963626084903391
37.0,-108.86567668966882,-80.44727141622907,-73.31176769425397,138.739945577344,131.070279628662,132.784491332305,0.13444101547820164,0.666278146519903,1.0216286167872377,-0.890442996569138,-0.187269186559352,0.960354928225759
38.0,-111.15422714423143,-82.81196530478175,-75.87906375407604,141.191436921838,133.541902135965,135.417248638508,0.15620389742426444,0.737465165190745,1.0758819667708417,-0.879105929583308,-0.170219459217379,0.957093982720666
39.0,-113.41449322759847,-85.14830212606697,-78.41707237547661,143.613437332173,135.985813454528,138.023032581317,0.17959659614239462,0.8119522116717783,1.1299083034963777,-0.867731427368244,-0.154213254211502,0.953847703840703
40.0,-115.64749932296588,-87.4572782165247,-80.92678460268704,146.006989302721,138.402924331194,140.602655046545,0.2046102373454518,0.88966933990325,1.1836595277843607,-0.856345826589946,-0.139145839046601,0.950619872163238
41.0,-117.85420944710772,-89.73983267484493,-83.40913586917105,148.373075366646,140.794096814698,143.156888028143,0.23123477925197528,0.9705448372261174,1.2370951103885406,-0.844970641524107,-0.12492634193114,0.947413725786798
42.0,-120.03553211580423,-91.99685188585659,-85.8650103480453,150.712622808959,143.160147814721,145.686466316536,0.25945913383096986,1.05450559254512,1.2901811792030262,-0.833623505367582,-0.111475588493904,0.944232065441195
43.0,-122.19232471637686,-94.22917359223803,-88.29524486711314,153.026507914507,145.501852334366,148.192089958723,0.2892712824130289,1.1414774278030664,1.3428896992241646,-0.822318908680071,-0.0987243146076929,0.941077331465796
44.0,-124.32539744702818,-96.43759056841571,-90.70063244141475,155.315559805681,147.819946411855,150.674426513347,0.32065837486606824,1.2313853961473358,1.395197739491423,-0.811068787693027,-0.0866116853988847,0.93795166089791
45.0,-126.4355168743237,-98.6228539434099,-93.08192546866842,157.580563917185,150.115129802666,153.134113121207,0.3536068209258767,1.3241540498423234,1.4470868205086043,-0.799882991752624,-0.0750840637925577,0.93485693045561
46.0,-128.52340915311055,-100.7856762129919,-95.4398386266664,159.822265148882,152.388068429487,155.571758409329,0.3881023724434518,1.419707680642906,1.4985423353465581,-0.788769657473741,-0.0640939828626021,0.931794789487755
47.0,-130.5897629472192,-102.9267339761151,-97.77505150638393,162.041370732375,154.639396624032,157.987944244629,0.4241301980404608,1.5179705352463693,1.5495530376468052,-0.777735509327839,-0.0535992850206335,0.928766685754719
48.0,-132.63523208424982,-105.0466704260018,-100.08821101007607,164.238552842434,156.869719181846,160.38322735143,0.4616749504756666,1.6188670076252267,1.6001105899549226,-0.766786102408851,-0.0435623984101044,0.925773886041877
49.0,-134.6604379734501,-107.14609762236888,-102.37993353983443,166.414450980436,159.079613248802,162.758140805517,0.5007208281361873,1.72232181099639,1.6502091661607095,-0.755926019056069,-0.0339497261320023,0.922817493044673
50.0,-136.66597181202403,-109.22562269103334,-104.65080699883913,168.569674153658,161.269655467108,165.113195416048,0.5412516307658392,1.8282715947662411,1.6998451022403234,-0.745159028973066,-0.0247310243387856,0.919898459561941
51.0,-138.65239660206854,-111.28575128959163,-106.901392624772,170.704802871369,163.440319891685,167.448881005417,0.583250810320397,1.936618730179478,1.7490165899626489,-0.734488220034073,-0.0158793926980134,0.917017600663732
52.0,-140.62024899763364,-113.32704007622739,-109.13222667248502,172.82039097618,165.592138202537,169.765667596141,0.6267015172917025,2.0473017189737264,1.7977234087150282,-0.723916105632776,-0.00737023577023305,0.914175604426441
53.0,-142.5700409990731,-115.34999566128384,-111.34382196097619,174.916967326942,167.725592971325,172.064006512872,0.6715866429946645,2.1602479132809473,1.8459666908094616,-0.713444713116259,0.00081860240208051,0.911373041584694
54.0,-144.50226150983946,-117.35510231965628,-113.53666929795905,176.995037347644,169.84114654601,174.344331406843,0.7178888581995485,2.275385590306938,1.8937487170287015,-0.703075656930868,0.00870723157669339,0.908610374084969
55.0,-146.4173777691309,-119.34282334883997,-115.71123879378914,179.055084455087,171.939242216086,176.607059209301,0.7655906484541103,2.3926440328585885,1.9410727376490116,-0.692810199365561,0.0163139528866615,0.90588796331724
56.0,-148.31586441531533,-121.3136023223167,-117.8679810751814,181.097601227087,174.020305293012,178.852591019854,0.8146788611587779,2.5119535990224,1.9879428170077384,-0.682649153633482,0.0236554641916661,0.903206077503534
57.0,-150.19809142453238,-123.26786424800594,-120.00732840799921,183.122968740585,176.084744113293,181.081312935084,0.8651265610792919,2.6332457819670196,2.03436369807212,-0.672593529075555,0.0307470381188379,0.900564898716299
58.0,-152.06449880288173,-125.20601664044847,-122.12969573738698,185.131644434076,178.132950970826,183.293596822243,0.9169204938891996,2.7564532607648844,2.08034068477724,-0.66264364277698,0.0376026768833937,0.897964529474629
59.0,-153.9154793506791,-127.12845051446993,-124.23548165263436,187.124035905785,180.165302984528,185.489801042428,0.9700427014396977,2.8815099430547524,2.125879539902874,-0.652799779589783,0.0442352473053251,0.895404998979312
60.0,-155.75140987949365,-129.035541307259,-126.32506928338654,189.100534426476,182.18216290663,187.670271127201,1.0244751769420206,3.0083510002937257,2.1709863965578085,-0.643062056446715,0.0506565988828753,0.89288626895394
61.0,-157.5726521085458,-130.9276497350821,-128.3988271331311,191.061515840321,184.183879876521,189.835340412267,1.0801998859192863,3.1369128962941133,2.2156676852978285,-0.633430444036623,0.0568776673298392,0.890408239006786
62.0,-159.37955349751496,-132.80512259022217,-130.45710985529243,193.007341402884,186.170790124555,191.985330631482,1.1371987853291075,3.2671334096718625,2.2599300492808805,-0.623904785347304,0.0629085656029904,0.887970753110775
63.0,-161.17244802118657,-134.66829348317617,-132.50025897673112,194.938358561516,188.143217629803,194.120552474198,1.1954538411643691,3.3989516507948467,2.303780324460898,-0.614484811562732,0.0687586641366477,0.885573602073433
64.0,-162.95165689082512,-136.51748353464745,-134.52860357297686,196.854901682908,190.101474735397,196.241306108661,1.2549470445750122,3.5323080737532195,2.347225453138185,-0.605170155765423,0.0744366617370615,0.883216530725835
65.0,-164.7174892266848,-138.353002021432,-136.54246089910382,198.757292732119,192.045862724733,198.34788167396,1.3156604266566723,3.6671444838392127,2.390272460390326,-0.595960364792811,0.079950648375168,0.880899241103489
66.0,-166.47024268564132,-140.17514697990657,-138.5421369797864,200.645841906967,193.976672361548,200.440559742804,1.3775760720020334,3.80340404107901,2.4329284141789076,-0.586854909540075,0.0853081609416956,0.878621396821967
67.0,-168.21020404755302,-141.984205770479,-140.52792716174244,202.520848231313,195.894184396587,202.519611757206,1.4406761311239733,3.9410312599127373,2.475200394466052,-0.57785319394877,0.0905162328367927,0.876382627010572
68.0,-169.93764976361916,-143.78045560604866,-142.50011663147404,204.382600110458,197.798670043355,204.585300438999,1.5049428318210323,4.079972005933916,2.517095466921323,-0.5689545628837,0.0955814382219124,0.874182529939345
69.0,-171.65284646970275,-145.5641640472495,-144.45898090095352,206.231375851551,199.690391425223,206.637880176929,1.5703584895910656,4.220173489511983,2.558620660659832,-0.5601583090595,0.100509931546402,0.872020676474247
70.0,-173.35605146731638,-147.3355894669952,-146.40478626366362,208.067444151678,201.569601995967,208.677597391941,1.6369055171450602,4.361584256880065,2.599782949438046,-0.551463679158499,0.105307482952741,0.869896613228302
71.0,-175.047513174725,-149.0949814866271,-148.337790223188,209.89106455604,203.436546935643,210.704690882135,1.7045664330999717,4.5041541789951065,2.640589235137959,-0.542869879253282,0.109979510050763,0.867809865176673
72.0,-176.72747155040466,-150.8425813857594,-150.25824189635978,211.702487888434,205.291463523542,212.719392148768,1.7733238699010594,4.647834438229367,2.681046338514336,-0.534376079632947,0.114531106482871,0.865759940400113
73.0,-178.39615849089915,-152.57862248773984,-152.16638239280002,213.501956656054,207.134581489817,214.721925704546,1.8431605810526583,4.792577513475705,2.7211609806345787,-0.525981419108774,0.118967067665912,0.863746328627826
74.0,-180.0537982049421,-154.30333052247806,-154.0624451725261,215.28970543046,208.96612334727,216.71250936538,1.9140594476804231,4.93833716348164,2.760939781780192,-0.517685008874595,0.123291914019302,0.861768507690704
75.0,-181.70060756555057,-156.01692396824683,-155.94665638316724,217.065961206406,210.786304704627,218.691354526667,1.9860034844961192,5.085068408953329,2.8003892504639847,-0.509485935973809,0.127509911973742,0.859825943649151
76.0,-183.33679644165738,-157.71961437392994,-157.8192351782003,218.830943740079,212.595334562567,220.658666425092,2.0589758451956164,5.232727517793623,2.8395157785792833,-0.501383266425267,0.131625092903686,0.857918093230913
77.0,-184.96256801071397,-159.41160666306803,-159.680394017502,220.584865868175,214.393415593635,222.614644386871,2.132959827336543,5.381271963183234,2.8783256370664936,-0.49337604804806,0.135641270890014,0.856044405746123
78.0,-186.57811905358403,-161.09309942094544,-161.53033895141027,222.327933809119,216.180744407108,224.559482063271,2.207938876729823,5.530660446190319,2.9168249726892785,-0.485463313021411,0.139562057434751,0.854204324720125
79.0,-188.1836402329373,-162.76428516586085,-163.3692698893944,224.060347447644,217.957511799784,226.493367654207,2.283896591383724,5.680852830483658,2.9550198057651977,-0.477644080208918,0.143390876741742,0.85239728954554
80.0,-189.779316356258,-164.42535060563685,-165.19738085434545,225.782300603819,219.7239029936,228.416484120646,2.3608167250251273,5.831810141841802,2.9929160287248107,-0.46991735727509,0.147130978262446,0.850622736846292
81.0,-191.36532662449494,-166.07647688033768,-167.01486022342183,227.493981287583,221.480097860915,230.329009386478,2.4386831902343102,5.983494541031507,3.0305194053674365,-0.462282142614665,0.150785448705312,0.848880101857342
82.0,-192.94184486729986,-167.71783979209343,-168.8218909563128,229.195571939689,223.226271138224,232.231116530513,2.5174800612253594,6.135869300676929,3.067835570719664,-0.454737427113045,0.154357222933466,0.847168819543008
83.0,-194.50903976572675,-169.34961002285766,-170.61865081171862,230.887249659971,224.962592629032,234.122973969154,2.5971915762668356,6.2888987818505875,3.1048700314102926,-0.447282195762431,0.157849093950251,0.845488325782399
84.0,-196.06707506320043,-170.9719533408665,-172.40531255278478,232.569186423716,226.689227396543,236.004745630329,2.677802139822079,6.442548410475015,3.141628166469488,-0.439915429134012,0.161263722063396,0.843838058189404
85.0,-197.6161097655005,-172.58503079650637,-174.18204414217576,234.241549286897,228.406335946787,237.876591119161,2.7592963243718045,6.596784653609541,3.1781152285008973,-0.432636104734102,0.164603643306693,0.842217457172957
86.0,-199.15629833045114,-174.18899890824912,-175.94900892742172,235.904500580958,230.114074402748,239.738665875856,2.841658871981141,6.751574995692512,3.2143363451527143,-0.42544319824496,0.167871277190829,0.840625966603726
87.0,-200.68779084795761,-175.784009839263,-177.7063658171283,237.558198097801,231.812594670045,241.591121326268,2.9248746956041765,6.90688791480016,3.2502965208479018,-0.418335684666336,0.171068933846697,0.83906303458078
88.0,-202.21073321098356,-177.37021156526583,-179.45426944859497,239.20279526556,233.502044594647,243.434105025524,3.008928880164454,7.06269285897956,3.2860006387171774,-0.41131253936193,0.174198820617433,0.837528114071506
89.0,-203.72526727801846,-178.94774803414555,-181.19287034735132,240.838441315724,235.182568113087,245.267760795123,3.093806683407098,7.21896022270216,3.3214534627069257,-0.404372739022793,0.177263048150073,0.836020663462568
90.0,-205.231531027549,-180.516759317837,-182.9223150790848,242.465281442117,236.854305395612,247.092228853845,3.1794935365563606,7.375661323485991,3.356659639820011,-0.397515262550991,0.1802636360318,0.834540147035917
91.0,-206.7296587050089,-182.0773817569093,-184.6427463943998,244.083456952223,238.517392982665,248.907645942824,3.2659750447788363,7.532768378722089,3.391623702462633,-0.390739091872393,0.183202518011671,0.833086035447458
92.0,-208.21978096265062,-183.62974809828762,-186.35430336681918,245.693105411294,240.171963915075,250.714145445096,3.353236987473665,7.690254482741956,3.4263500708752046,-0.384043212682625,0.186081546844129,0.831657806137469
93.0,-209.7020249927509,-185.17398762650382,-188.05712152441123,247.294360779665,241.818147858313,252.511857499909,3.4412653183977144,7.848093584156036,3.4608430556181085,-0.377426615132031,0.188902498786912,0.830254943530391
94.0,-211.17651465453451,-186.71022628884384,-189.7513329753997,248.887353543652,243.456071221126,254.300909112085,3.53004616564409,8.006260463488651,3.495106860101079,-0.370888294453128,0.191667077783401,0.828876939507988
95.0,-212.6433705951745,-188.23858681473587,-191.4370665280909,250.472210840408,245.085857268877,256.081424256686,3.6195658314695485,8.164730711136176,3.5291455831355654,-0.364427251536996,0.194376919355384,0.827523293487309
96.0,-214.10271036520265,-189.75918882969972,-193.1144478054297,252.049056577067,246.707626231856,257.853523979227,3.709810792003815,8.32348070566086,3.5629632214947797,-0.358042493458974,0.197033594230916,0.826193512743776
97.0,-215.5546485286442,-191.27214896415782,-194.78359935447702,253.61801154449,248.321495408846,259.617326491672,3.800767696826892,8.482487592447336,3.596563672479223,-0.351733033960501,0.199638611728564,0.824887112494478
98.0,-216.99929676816672,-192.77758095738818,-196.44464075108252,255.17919352592,249.927579266193,261.37294726442,3.8924233684406073,8.641729262727686,3.629950736460455,-0.345497893887697,0.202193422917888,0.823603616081415
99.0,-218.43676398551685,-194.27559575688196,-198.09768870000738,256.732717400809,251.525989532607,263.120499114492,3.984764801633092,8.801184332991244,3.663128119413221,-0.339336101591184,0.204699423574174,0.822342555066067
100.0,-219.8671563975019,-195.7663016133519,-199.7428571307386,258.278695244081,253.116835289936,264.860092290097,4.077779162745963,8.960832124787641,3.696099435414796,-0.333246693289236,0.207157956943348,0.821103469296629
101.0,-221.29057762775238,-197.24980417162186,-201.3802572892194,259.817236421081,254.700223060095,266.591834551777,4.171453788856242,9.120652644931809,3.7288682091137013,-0.327228713396084,0.209570316331968,0.819885906978102
102.0,-222.70712879449346,-198.72620655761438,-203.00999782570722,261.348447678423,256.276256888366,268.31583125027,4.2657761868689255,9.280626566126065,3.76143787815917,-0.321281214819706,0.211937747535536,0.818689424672657
103.0,-224.1169085945324,-200.1956094616379,-204.63219120427317,262.872433230967,257.845038423251,270.032192094453,4.360734032541315,9.44073520793347,3.7938252197757127,-0.315403259228224,0.214261451118277,0.817513582726502
104.0,-225.52001338366188,-201.6581112181663,-206.24692816562012,264.389294845108,259.406666993034,271.741004116701,4.456315169432042,9.600960518316604,3.826005808986223,-0.309593917289574,0.216542584552687,0.816357963998485
105.0,-226.91653725366257,-203.11380788228792,-207.85431672178024,265.899131918583,260.961239679243,273.442372918542,4.552507607787028,9.761285055392355,3.857997165088189,-0.303852268884914,0.21878226423375,0.815222145280766
106.0,-228.30657210607973,-204.5627933029935,-209.4544559472588,267.40204155696,262.508851387137,275.136394929444,4.649299523366644,9.92169196975245,3.889802397237434,-0.298177403297718,0.22098156737241,0.814105716580377
107.0,-229.69020772293834,-206.005159193461,-211.0474427086827,268.898118646982,264.04959491338,276.823164514781,4.7466792562179165,10.082164987142404,3.9214245393150646,-0.292568419380257,0.223141533779616,0.813008276152963
108.0,-231.06753183454907,-207.4409951984865,-212.63337173319826,270.387455926917,265.583561011039,278.502774037159,4.844635309397724,10.242688391560636,3.9528665520441773,-0.287024425698949,0.225263167547848,0.811929430473217
109.0,-232.43863018455113,-208.8703889592024,-214.21233567416118,271.870144054076,267.110838452022,280.175313915411,4.94315634764998,10.403247008775654,3.984131325059972,-0.281544540659853,0.22734743863736,0.810868794145257
110.0,-233.80358659232792,-210.29342617521348,-215.78442517425228,273.346271669615,268.631514087092,281.840872681382,5.0422311960419535,10.563826190246354,4.015221678925041,-0.276127892615841,0.229395284373697,0.809825989814923
111.0,-235.1624830129241,-211.71019066427743,-217.3497289261376,274.81592546077,270.145672903556,283.499537034597,5.14184883856387,10.724411797451104,4.046140367086518,-0.2707736199563,0.231407610862619,0.808800648044292
112.0,-236.51539959458557,-213.12076441964626,-218.90833373079155,276.27919022065,271.653398080756,285.151391894913,5.241998416692268,10.884990186612825,4.07689007779843,-0.265480871181186,0.23338529432785,0.807792407288955
113.0,-237.86241473403572,-214.52522766518058,-220.4603245535921,277.736148905686,273.154771043444,286.796520453235,5.342669227925503,11.045548193821027,4.1074734359672425,-0.260248804959561,0.235329182377156,0.806800913711008
114.0,-239.2036051295969,-215.92365890834083,-222.00578457829002,279.186882690871,274.649871513162,288.435004220396,5.443850724291746,11.206073120560301,4.137893004958895,-0.255076590174478,0.237240095200256,0.805825821132099
115.0,-240.5390458322579,-217.31613499115537,-223.5447952589514,280.63147102287,276.138777557687,290.066923074272,5.5455325108271465,11.366552719586018,4.1681512883615905,-0.249963405955567,0.23911882670514,0.804866790884656
116.0,-241.868810294785,-218.70273113925847,-225.07743636996656,282.069991671121,277.621565638661,291.692355305214,5.647704344055276,11.526975181216804,4.198250731678834,-0.244908441694499,0.240966145594487,0.80392349170161
117.0,-243.19297041896587,-220.08352100908672,-226.6037860542097,283.502520777006,279.098310657466,293.311377659863,5.750356130394022,11.687329119975212,4.228193723988614,-0.239910897061785,0.242782796387281,0.802995599590396
118.0,-244.51159660107305,-221.45857673331886,-228.12392086943618,284.929132901182,280.569085999426,294.924065383427,5.853477924618179,11.847603561601519,4.257982599545797,-0.234969981996006,0.244569500388725,0.802082797715331
119.0,-245.8247577756287,-222.82796896463714,-229.63791583299303,286.34990106916,282.033963576418,296.530492260482,5.957059928251167,12.007787930430412,4.287619639342343,-0.230084916696424,0.246326956611481,0.801184776300436
120.0,-247.13252145754737,-224.191766917885,-231.1458444649184,287.764896815208,283.493013867949,298.130730654353,6.06109248797114,12.167872037105287,4.3171070726094545,-0.225254931600906,0.248055842651524,0.800301232345884
121.0,-248.43495378272846,-225.55003841069407,-232.6477788295008,289.174190224652,284.946305960783,299.724851545147,6.165566093995554,12.327846066651775,4.346447078293848,-0.22047926735708,0.249756815520972,0.799431869808928
122.0,-249.73211954717,-226.90284990264672,-234.1437895753629,290.577849974642,286.393907587157,301.312924566484,6.270471378479427,12.487700566878438,4.375641786466437,-0.215757174783696,0.251430512440762,0.798576399145737
123.0,-251.02408224466603,-228.2502665330379,-235.63394597413722,291.975943373464,287.83588516167,302.895018040982,6.37579911385959,12.647426437110504,4.404693279703216,-0.211087914829298,0.253077551595339,0.797734537412252
124.0,-252.31090410315323,-229.59235215729788,-237.1183159577898,293.368536398448,289.272303816884,304.471199014555,6.481540211256128,12.807014917247201,4.433603594418593,-0.206470758518467,0.25469853285168,0.796906007960998
125.0,-253.59264611976073,-230.92916938213295,-238.59696615465202,294.75569373253,290.703227437704,306.041533289558,6.587685718825365,12.966457577129706,4.462374722160336,-0.201904986896078,0.256294038444646,0.796090540429993
126.0,-254.86936809462537,-232.26077959943913,-240.0699619242141,296.137478799544,292.128718694575,307.606085456839,6.694226820127594,13.125746306221025,4.491008610844753,-0.197389890964778,0.257864633630569,0.795287870606298
127.0,-256.1411286635192,-233.58724301904044,-241.53736739073136,297.513953798281,293.548839075558,309.164918926738,6.801154832494588,13.28487330358603,4.519507166001989,-0.192924771616725,0.259410867310931,0.794497740222438
128.0,-257.40798532934366,-234.90861870030193,-242.99924547569327,298.885179735366,294.963648917323,310.718095959067,6.908461205393878,13.443831068160032,4.547872251927857,-0.188508939561857,0.260933272627698,0.793719896911353
129.0,-258.6699944925368,-236.22497580235347,-244.4556579292026,300.251216457024,296.373219449845,312.265677692127,7.016137518804339,13.602655386729502,4.576105692823456,-0.184141715249127,0.262432380234279,0.792954094013668
130.0,-259.92721148043836,-237.5363480666015,-245.9066653603062,301.61212267975,297.777584051874,313.807724170784,7.124175481576024,13.761251832487643,4.604209273909437,-0.179822428789232,0.263908667137934,0.792200090468466
131.0,-261.1796905756586,-238.8428031968602,-247.35232726632483,302.967956019956,299.176812541673,315.34429437365,7.232566929811725,13.91965831416746,4.6321847424840135,-0.17555041986745,0.265362636159773,0.791457650766356
132.0,-262.4274850434884,-240.14439594469331,-248.79270206121748,304.31877302262,300.570960938916,316.875446239403,7.341303825280329,14.077868435073675,4.6600338089656885,-0.17132503765492,0.266794762839431,0.790726544702034
133.0,-263.6706471583925,-241.44118005399815,-250.22784710302136,305.664629188981,301.960084252165,318.401236692275,7.450378253732571,14.235876054166738,4.6877581478935815,-0.167145640723231,0.268205509563833,0.790006547314103
134.0,-264.90922822962193,-242.73320828677146,-251.65781872040367,307.005579003325,303.344236504236,319.921721666747,7.559782423367165,14.393675277759742,4.7153593988994675,-0.163011596946225,0.269595326016945,0.789297438798461
135.0,-266.14327862598213,-244.02053244803437,-253.08267223836,308.34167595889,304.723470756748,321.43695613147,7.6695086632006655,14.551260453594606,4.742839167642835,-0.158922283406734,0.270964649623453,0.788599004337176
136.0,-267.37284779978904,-245.3032034099497,-254.5024620030928,309.672972582932,306.097839133894,322.946994112451,7.779549421485417,14.708626153820392,4.770199026740441,-0.154877086298711,0.27231390593852,0.7879110339997
137.0,-268.59798431004674,-246.58127113516326,-255.9172414061012,310.999520460976,307.467392845465,324.451888715532,7.889897264129162,14.865767186287963,4.797440516625738,-0.150875400827875,0.273643509102213,0.787233322651531
138.0,-269.8187358448771,-247.85478469939994,-257.32706290751304,312.321370260294,308.832182209141,325.951692148179,8.000544873126858,15.022678568651889,4.824565146444513,-0.146916631110571,0.274953862168601,0.786565669829175
139.0,-271.0351492432299,-249.1237923133436,-258.73197805868915,313.638571752638,310.192256672105,327.446455740613,8.111485045001391,15.179355530748985,4.851574394779088,-0.143000190071449,0.27624535750081,0.785907879501412
140.0,-272.24727366158567,-250.3883413438263,-260.1320375241241,314.951177242756,311.547664831974,328.936229966309,8.222734853951067,15.3357935059734,4.878469710640976,-0.139125489463817,0.277518377118555,0.785259760303297
141.0,-273.45514729800703,-251.64847833435687,-261.5272911026749,316.259227191031,312.898454457095,330.421064461881,8.33423837884944,15.491988124717363,4.905252514065492,-0.135291981588231,0.27877329303687,0.784621125073632
142.0,-274.65881845917903,-252.90424902501005,-262.9177877481378,317.562773026281,314.244672506219,331.90100804638,8.446013546054816,15.647935208055259,4.931924196958016,-0.13149909283905,0.280010467591387,0.783991790895148
143.0,-275.8583307896859,-254.15569837170372,-264.3035755892014,318.861861150035,315.586365147579,333.376108740018,8.558053594027838,15.803630761422815,4.95848612380781,-0.127746270335422,0.281230253750747,0.78337157901925
144.0,-277.0537271836954,-255.40287056488452,-265.68470194879654,320.156537171759,316.923577777399,334.846413782353,8.670351868176525,15.959070968970003,4.98493963239489,-0.12403296947836,0.28243299541672,0.782760314727449
145.0,-278.2450498028985,-256.6458090476454,-267.0612133628667,321.446845927661,318.256355037841,336.311969649936,8.782901819370654,16.114252187441288,5.011286034482143,-0.120358653843058,0.283619027712737,0.782157827242919
146.0,-279.4323400939015,-257.8845565332951,-268.43315559857876,322.732831498932,319.584740834426,337.772822073458,8.89569700246393,16.269170940765875,5.037526616476103,-0.116722795072463,0.284788677261264,0.781563949636032
147.0,-280.61563880509107,-259.119155022401,-269.8005736719957,324.014537229426,320.908778352937,339.229016054394,9.00873107483291,16.423823914547715,5.063662640076921,-0.113124872769396,0.285942262450528,0.780978518731184
148.0,-281.7949860029903,-260.3496458193226,-271.1635118652292,325.292005742824,322.228510075831,340.680595881181,9.12199779493066,16.578207950828208,5.089695342904902,-0.109564374389588,0.287080093691122,0.780401375015926
149.0,-282.97042108812747,-261.5760695482562,-272.522013743092,326.565278959277,323.543977798169,342.127605144935,9.235491020851587,16.73232004296647,5.115625939101955,-0.10604079513436,0.288202473663021,0.779832362551823
150.0,-284.14198281043014,-262.7984661688068,-273.8761221692665,327.834398111563,324.855222643085,343.570086754723,9.349204708914037,16.886157330705363,5.141455619929804,-0.102553637843505,0.289309697553186,0.779271328889724
151.0,-285.30970928416775,-264.0168749911048,-275.2258793220086,329.099403760769,326.162285076815,345.008082952413,9.46313291225299,17.039717095381423,5.16718555433893,-0.0991024128888959,0.290402053284603,0.778718124980456
152.0,-286.47363800245375,-265.23133469048304,-276.5713267094002,330.360335811518,327.465204923291,346.441635327104,9.577269779431942,17.192996755274134,5.192816889516534,-0.0956866380680695,0.29147982173666,0.778172605096763
153.0,-287.63380585132586,-266.4418833217313,-277.912505184169,331.617233526748,328.764021378323,347.870784829163,9.691609553071755,17.345993861090722,5.218350751432248,-0.0923058384980959,0.292543276957488,0.777634626749759
154.0,-288.7902491234192,-267.64855833294075,-279.2494549580885,332.870135542076,330.058773023385,349.295571783873,9.806146568478287,17.498706097213876,5.243788245356206,-0.0889595465110741,0.293592686366729,0.77710405061064
155.0,-289.94300353124396,-268.8513965789545,-280.5822156159742,334.11907987974,331.349497839006,350.71603590471,9.920875252310882,17.651131249656103,5.26913045636623,-0.0856473015486691,0.294628310962946,0.77658074043359
156.0,-291.092104220086,-270.050434334437,-281.9108261292878,335.364103962154,332.636233217796,352.132216306259,10.035790121243434,17.80326725763127,5.294378449839144,-0.0823686500585946,0.295650405496356,0.776064562980298
157.0,-292.2375857805389,-271.2457073065758,-283.23532486936506,336.605244625078,333.919015977107,353.544151516781,10.150885780653677,17.95511215353968,5.319533271927089,-0.0791231453912175,0.296659218658355,0.775555387947321
158.0,-293.3794822606833,-272.4372506474273,-284.5557496202781,337.842538130412,335.197882371346,354.951879490446,10.266156923322193,18.106664087925886,5.344595950022006,-0.0759103476970871,0.297654993277016,0.775053087893055
159.0,-294.5178271779239,-273.62509896592087,-285.8721375913458,339.076020178644,336.472868103953,356.355437619233,10.381598328141928,18.2579213191716,5.3695674932054995,-0.072729823825213,0.298637966461198,0.774557538169216
160.0,-295.65265353049676,-274.80928633952976,-287.1845254293029,340.305725920945,337.744008339053,357.754862744524,10.497204858864219,18.408882210409153,5.394448892694314,-0.0695811472225065,0.299608369779741,0.774068616851436
161.0,-296.7839938086572,-275.9898463256225,-288.4929492301391,341.531689970932,339.011337712788,359.150191168384,10.612971462824666,18.55954522593285,5.41924112220845,-0.066463897833686,0.3005664294178,0.77358620467594
162.0,-297.9118800055599,-277.16681197250404,-289.7974445506215,342.753946416111,340.274890344357,360.541458664551,10.728893169721445,18.709908927792288,5.443945138497355,-0.0633776620024817,0.301512366330065,0.773110184968844
163.0,-299.03634362784084,-278.34021583015755,-291.0980464195061,343.972528829007,341.534699846745,361.928700489138,10.84496509038739,18.859971972561915,5.468561881625192,-0.0603220323741914,0.302446396390041,0.772640443588658
164.0,-300.1574157059112,-279.5100899606969,-292.3947893484528,345.187470277995,342.79079933718,363.311951391057,10.961182415552175,19.009733108131517,5.493092275416556,-0.0572966077960818,0.303368730532541,0.772176868862091
165.0,-301.2751268039729,-280.6764659485383,-293.6877073426522,346.398803337836,344.043221447307,364.691245622175,11.077540414722453,19.15919117064036,5.51753722782714,-0.0543009932269424,0.304279574892712,0.771719351523885
166.0,-302.3895070297644,-281.8393749103014,-294.9768339111714,347.606560099935,345.291998333102,366.066616947213,11.194034434917906,19.30834508150482,6.862138690482105,-0.0513347996364603,0.30517913093965,0.790418302667823
167.0,-303.50058604404575,-282.99884750444846,-296.2622020770311,348.81077218232,346.537161684516,367.438098653387,11.310659899562143,19.4571938445331,6.897222759599086,-0.0483976439149141,0.306067595606046,0.789884459610112
168.0,-304.60839306983223,-284.15491394066856,-297.54384438701993,350.011470739369,347.778742734883,368.805723559812,11.427412307318361,19.605736543131048,6.932181817862617,-0.0454891487792625,0.306945161413191,0.789353610198883
169.0,-305.7129569013829,-285.3076039890171,-298.82179292125556,351.208686471266,349.016772270072,370.169524026663,11.544287230955382,19.7539723375931,6.96701682013606,-0.0426089426818206,0.307812016592016,0.788825719114897
170.0,-306.8143059129531,-286.4569469888175,-300.09607930250115,352.402449633224,350.251280637414,371.529531964113,11.66128031623325,19.90190046248967,7.001728665559293,-0.0397566597198941,0.308668345200178,0.788300751246341
171.0,-307.9124680673179,-287.60297185733174,-301.36673470524187,353.592790044458,351.482297754398,372.88577884104,17.63596816304762,20.049520224122734,7.0363183142462455,0.104631754019099,0.309514327235345,0.787778672956604
172.0,-309.0074709240743,-288.7457070982085,-302.63378986453324,354.779737096928,352.709853117146,374.238295693529,17.743470430653648,20.196830998061472,7.070786670751769,0.103341969988163,0.31035013874444,0.787259450773099
173.0,-310.0993416477283,-289.8851808097147,-303.8972750846244,355.963319763864,353.933975808673,375.587113133156,17.850945613287752,20.343832226764587,7.105134642279499,0.102066761068854,0.311175951930579,0.786743052019778
174.0,-311.18810701557305,-291.02142069275794,-305.1572202473666,357.143566608064,355.154694506947,376.932261355071,17.958393570232037,20.490523417297318,7.139363127393942,0.100805863007506,0.311991935254589,0.786229444652712
175.0,-312.27379342536665,-292.15445405870594,-306.4136548204092,358.320505789983,356.372037492735,378.273770145892,18.065814164272314,20.6369041390551,7.173473015775455,0.0995590180612793,0.312798253535284,0.785718597257746
176.0,-313.3564269028124,-293.28430783700867,-307.6666078651949,359.494165075619,357.58603265727,379.611668891394,18.173207261625464,20.78297402162702,7.207465188430602,0.0983259747962886,0.313595068045362,0.785210479024962
177.0,-314.4360331088503,-294.4110085826313,-308.9161080447565,360.664571844197,358.796707509716,380.945986584023,18.28057273180335,20.928732752693872,7.241340517740926,0.0971064878943148,0.314382536604764,0.784705059732334
178.0,-315.5126373467634,-295.5345824833006,-310.1621836313213,361.831753095666,360.00408918446,382.276751830231,18.38791044764319,21.074180075999877,7.275099867517901,0.0959003179640111,0.315160813670957,0.784202309729956
179.0,-316.58626456910486,-296.65505536657236,-311.4048625137311,362.995735457992,361.208204448217,383.603992857625,18.49522028511854,21.219315789387085,7.308744093074382,0.0947072313626089,0.315930050426515,0.783702199923885
180.0,-317.6569393844508,-297.77245270672637,-312.64417220468147,364.15654519429,362.409079706968,384.927737521959,18.602502123329906,20.19209116678925,7.342274041301167,0.0935270000211809,0.32328178367584,0.78320470176041
181.0,-318.7246860639839,-298.88679963149013,-313.88013984778655,365.314208209761,363.606741012731,386.248013313954,18.709755844397016,20.33133781290216,7.375690550725968,0.0923594012781465,0.323677233868584,0.782709787211913
182.0,-319.7895285479107,-299.9981209286012,-315.1127922244728,366.468750058462,364.801214070169,387.564847365961,18.816981333483486,20.470595798420895,7.408994451595545,0.0912042177156898,0.324068413616134,0.782217428761994
183.0,-320.85149045171784,-301.1064410522098,-316.34215576070994,367.620195949907,365.992524243035,388.878266458464,18.92417847838128,20.609864277398227,7.4421865659459545,0.0900612370128372,0.32445539405636,0.781727599391909
184.0,-321.9105950722704,-302.2117841291263,-317.5682565335802,368.768570755496,367.180696560473,390.188297026441,19.03134717008714,20.749142418490642,7.475267707667142,0.0889302517795393,0.324838244723912,0.781240272567585
185.0,-322.96686539375406,-303.3141739649207,-318.79112027769304,369.913899014793,368.365755723163,391.494965165567,19.138487302110107,20.88842940425024,7.508238682587854,0.0878110594276908,0.325217033592793,0.780755422226378
186.0,-324.02032409346526,-304.41363404987555,-320.01077239144865,371.056204941625,369.547726109323,392.798296638283,19.245598771388327,21.027724431663948,7.541100288548114,0.0867034620149552,0.32559182712607,0.780273022764437
187.0,-325.07099354744815,-305.510187564798,-321.2272379431554,372.195512430041,370.726631780573,394.098316879719,19.3526814747606,21.167026720676944,7.573853315438368,0.0856072661571264,0.32596269134407,0.779793049027507
188.0,-326.11889583597963,-306.6038573866955,-322.4405416770044,373.331845060089,371.902496487663,395.395051003493,19.459735315738328,21.306335466287713,7.60649854536688,0.0845222828066711,0.326329686711218,0.779315476293229
189.0,-327.1640527488995,-307.69466609431674,-323.6507080189052,374.465226103453,373.075343676061,396.688523807365,19.566760197587552,21.445649933903713,7.6390367526275424,0.0834483272193024,0.326692878486877,0.778840280266619
190.0,-328.20648579078215,-308.7826359735654,-324.8577610821887,375.595678528899,374.245196491425,397.978759778776,19.67375602670189,21.584969364086188,7.671468703837839,0.0823852187866501,0.327052326456032,0.778367437065657
191.0,-329.2462161859389,-309.8677890227857,-326.06172467317737,376.723225007559,375.412077784934,399.265783100253,19.780722711880813,21.72429301878249,7.703795157998267,0.0813327809280814,0.327408090114456,0.777896923211971
192.0,-330.2832648832391,-310.950146957928,-327.26263298972583,377.847887918017,376.576010118514,400.549629086681,19.887660164416918,21.863620172905815,7.736034522024681,0.0802908409770044,0.327760227681012,0.777428711457274
193.0,-331.3176525607227,-312.02973121759425,-328.4604873845473,378.969689351167,377.737015769933,401.83029796124,19.994568296828632,22.002950113108746,7.76815096175091,0.0792592300853086,0.328108796127085,0.776962787617939
194.0,-332.34939962996754,-313.10656296796833,-329.65532195497667,380.088651114819,378.895116737783,403.107824974553,20.10144702544459,22.14228213814573,7.80016421464687,0.0782377830854599,0.328453851213326,0.776499125004146
195.0,-333.37852624014704,-314.1806631076343,-330.84715933192086,381.204794737964,380.050334746359,404.382233140588,20.208296267544686,22.281615558121835,7.832075005851633,0.0772263384244516,0.328795447519182,0.776037701653871
196.0,-334.405052281671,-315.25205227228446,-332.03602186532623,382.318141474596,381.202691250412,405.653545193736,20.315115942682656,22.420949694767256,7.863884053454873,0.0762247380475315,0.329133638477108,0.775578495961319
197.0,-335.42899738923376,-316.3207508393225,-333.2219316290362,383.428712306893,382.352207439816,406.921783593536,20.421905972279394,22.56028388094275,7.8955920685612035,0.0752328273078194,0.32946847640139,0.775121486668404
198.0,-336.45038094395227,-317.3867789323621,-334.4049104255412,384.536527947411,383.498904244113,408.186970529309,20.528666279465,22.699617460446152,7.927199755362631,0.0742504548759832,0.329800012517753,0.774666652856463
199.0,-337.4692220740253,-318.4501564256253,-335.5849797906242,385.641608839684,384.642802336972,409.449127924686,20.635396788850276,22.838949787827662,7.958707811200836,0.0732774726542461,0.330128296991973,0.774213973938266
200.0,-338.4855396528226,-319.5109029482425,-336.76216099790497,386.743975156029,385.783922140538,410.708277442034,20.74209742617922,22.978280228216168,7.990116926641546,0.0723137356954106,0.330453378957618,0.773763429650242
201.0,-339.4994864473473,-320.56903788845636,-337.9364750632842,387.843792308297,386.922283829695,411.9644404868,20.848807981820443,23.117608157036756,8.021427785532042,0.0713589762348687,0.330775306542323,0.773315000044971
202.0,-340.510809820901,-321.62458039773355,-339.10794274929236,388.940785974707,388.057907336229,413.217638211754,20.95544280815742,23.25693296005486,8.052641065083066,0.07041331055676,0.331094126895105,0.772868665483929
203.0,-341.51966538267243,-322.6775493947847,-340.2765845693448,390.03512465689,389.190812352904,414.467891521143,21.06204789041942,23.39625403273636,8.083757435914189,0.0694764727665002,0.331409886208964,0.77242440663031
204.0,-342.52607114598084,-323.72796356949567,-341.4424207919036,391.126827613998,390.321018337445,415.715221074758,21.168623149025425,23.535570780240697,8.114777562148825,0.0685483296073023,0.331722629746055,0.771982204442393
205.0,-343.530044906027,-324.775841386771,-342.6054714445531,392.215913873256,391.448544516439,416.95964729192,21.275168506692737,23.674882617789223,8.145702101455809,0.0676287505654264,0.332032401864429,0.771542040166687
206.0,-344.5316042435718,-325.82120109029347,-343.7657563179868,393.302402233854,392.573409889145,418.201190355378,21.381683888374475,23.81418896961348,8.17653170512945,0.0667176077989286,0.332339246036145,0.771103895331612
207.0,-345.5307665285354,-326.864060706198,-344.9232949699103,394.386311270756,393.695633231219,419.439870215128,21.48816922119449,23.95348926929632,8.207267018151757,0.0658147760688142,0.332643204872528,0.770667751741192
208.0,-346.5275489235182,-327.90443804666415,-346.07810672886274,395.467659338426,394.815233098366,420.675706592153,21.594624434392156,24.092782959432903,8.23790867925898,0.0649201326721555,0.332944320143041,0.77023359146902
209.0,-347.5219683872486,-328.9424047929453,-347.2302106979561,396.546464574471,395.932286031139,421.908718982087,21.701049459244437,24.232126184299855,8.268457321003387,0.0640335573774697,0.333242648302364,0.769801396852388
210.0,-348.51404167795516,-329.97786819387073,-348.3796257585396,397.62274490322,397.04669161751,423.138926658801,21.807444229018337,24.37140032772817,8.298913569828489,0.0631549323618585,0.333538197824912,0.769371150486488
211.0,-349.50378535666965,-331.0109015748109,-349.5263705737842,398.696518039209,398.158528184483,424.36634867792,21.913808678896554,24.51066649536833,8.329278046121198,0.062284142150225,0.333831024286903,0.768942835218964
212.0,-350.49121579045897,-332.04152192612366,-350.6704635921958,399.76780149061,399.267813442441,425.591003880267,22.02014274591577,24.649924152958462,8.35955136428589,0.0614210735563,0.33412116629974,0.76851643414445
213.0,-351.47634915559075,-333.06974604129374,-351.811923051055,400.836612562579,400.374564899173,426.812910895237,22.12644636889755,24.789172774928662,8.389734132801085,0.0605656156254447,0.334408661733093,0.76809193059936
214.0,-352.45920144063194,-334.0955905201084,-352.95076697978584,401.902968360538,401.478799863096,428.032088144101,22.232719488372922,24.928411844223643,8.419826954290343,0.0597176595791109,0.334693547732567,0.767669308156788
215.0,-353.43978844948344,-335.11907177176874,-354.0870132032567,402.966885793387,402.580535446428,429.248553843251,22.33896204651253,25.067640852158995,8.449830425577373,0.0588770987611044,0.334975860737301,0.767248550621568
216.0,-354.4181258043525,-336.14020601793703,-355.22067934501376,404.028381576651,403.679788568278,430.462326007371,22.445173987040768,25.20685929825171,8.479745137759798,0.0580438285853096,0.335255636496793,0.766829642025428
217.0,-355.3942289486634,-337.1590092957212,-356.351782830449,405.087472235567,404.776575957687,431.673422452554,22.551355255147687,25.346066690071986,8.509571676248013,0.0572177464850356,0.335532910087342,0.766412566622485
218.0,-356.3681131499093,-338.17549746059933,-357.48034088990397,406.144174108098,405.870914156603,432.881860799348,22.657505797366525,25.48526254309409,8.539310620859892,0.0563987518619391,0.33580771592805,0.765997308884348
219.0,-357.33979350244545,-339.1896861892837,-358.60637056171237,407.198503347898,406.962819522794,434.087658475755,22.76362556157223,25.62444638060943,8.568962545860368,0.0555867460477776,0.336080087796049,0.76558385349607
220.0,-358.309284930227,-340.2015909825287,-359.72988869518133,408.25047592721,408.052308232711,435.290832720155,22.869714496627317,25.76361773327789,8.598528020021766,0.0547816322390575,0.336350058842822,0.76517218535163
221.0,-359.2766021894902,-341.2112271678813,-360.85091195351265,409.300107639704,409.139396284283,436.491400584189,22.975772552448568,25.902776139594977,8.628007606693934,0.0539833154710522,0.336617661606343,0.764762289549809
222.0,-360.2417598713816,-342.2186099023765,-361.9694568166678,410.347414103269,410.224099499665,437.689378935573,23.081799679704552,26.041921145147757,8.657401863849927,0.0531917025645567,0.336882928027816,0.764354151390136
223.0,-361.20477240453454,-343.2237541751797,-363.08553958417565,411.392410762736,411.306433527931,438.884784460867,23.18779582961226,26.181052302778642,8.686711344165897,0.0524067020854148,0.337145889464205,0.76394775636885
224.0,-362.1656540575951,-344.2266748101765,-364.19917637788467,412.435112892563,412.386413847711,440.077633668186,23.293760953634365,26.320169172397627,8.71593659505816,0.0516282243031942,0.337406576702114,0.763543090175133
225.0,-363.1244189416984,-345.2273864685111,-365.3103831446624,413.475535599452,413.464055769779,441.26794288986,23.39969500310229,26.459271320845723,8.745078158754072,0.050856181151192,0.337665019970514,0.763140138687282
226.0,-364.0810810128994,-346.2259036510749,-366.4191756590416,414.513693824932,414.53937443959,442.455728285042,23.505597928714604,26.598358321762657,8.774136572343451,0.0500904861874714,0.337921248953807,0.762738887969086
227.0,-365.0356540745562,-347.22224070094734,-367.52556952581597,415.549602347882,415.612384839769,443.641005842272,23.61146967985352,26.73742975547533,8.803112367840301,0.0493310545570016,0.33817529280399,0.762339324266224
228.0,-365.9881517796715,-348.2164118057875,-368.6295801825845,416.583275787013,416.683101792549,444.823791381981,23.717310203655867,26.876485208855975,8.832006072232353,0.0485778029549688,0.338427180152746,0.761941434002866
229.0,-366.93858763319344,-349.20843100018124,-369.7312229022491,417.614728603314,417.751539962167,446.004100558964,23.82311944367766,27.015524275203582,8.860818207544769,0.0478306495909238,0.338676939123135,0.761545203778182
230.0,-367.88697499428,-350.19831216794125,-370.83051279546197,418.643975102444,418.817713857209,447.181948864788,23.928897337967594,27.154546554130846,8.889549290888123,0.0470895141540582,0.338924597341114,0.761150620363137
231.0,-368.8333270785338,-351.18606904436433,-371.92746481302856,419.671029437112,419.881637832916,448.357351630175,24.03464381618347,27.29355165140221,8.918199834517484,0.0463543177793925,0.339170181945902,0.76075767069722
232.0,-369.77765696021584,-352.1717152184441,-373.02209374826367,420.695905609422,420.943326093442,449.530324027321,24.1403587951351,27.432539178883175,8.94677034588352,0.0456249830148488,0.339413719602177,0.760366341885337
233.0,-370.7199543895092,-353.15526413504335,-374.1144142393033,421.718592310118,422.002792694071,450.700881072186,24.24610069219679,27.57150875434812,8.975261327688019,0.0449014515312354,0.339655236509171,0.759976621194737
234.0,-371.6602799234268,-354.136729097023,-375.20444077137415,422.739155080376,423.060051543391,451.86903762674,24.351755221167046,27.71046000138667,9.0036732779693,0.0441836119629422,0.339894758411551,0.759588496052247
235.0,-372.5986215909763,-355.1161232673328,-376.2921876790185,423.757580748674,424.11511640543,453.034808401156,24.45737835845098,27.8493925492701,9.032006689978179,0.0434714098699947,0.340132310609251,0.759201954040384
236.0,-373.5349919188868,-356.0934596710607,-377.37766914828006,424.773882733539,425.168000901753,454.198207955981,24.56297008190529,27.988306032813767,9.060262052581777,0.0427647731390911,0.340367917967047,0.758816982896434
237.0,-374.46940330172276,-357.068751197446,-378.460899218847,425.788074312606,426.218718513512,455.359250704253,24.668530370803953,28.12720009227041,9.088439849964876,0.0420636309252884,0.340601604924493,0.758433570507804
238.0,-375.40186800277075,-358.0420106018533,-379.54189178615707,426.80016862353,427.267282583473,456.517950913585,24.77405920556231,28.266074373105628,9.116540561849936,0.0413679136147167,0.340833395504048,0.758051704910176
239.0,-376.3323981533655,-359.0132505077105,-380.6206606034633,427.810178663213,428.313706317987,457.674322708211,24.879556568474175,28.404928525915256,9.144564663499681,0.040677552804393,0.34106331332111,0.757671374285014
240.0,-377.26100574696085,-359.98248340841087,-381.6972192838614,428.818117281317,429.358002788943,458.828380070998,24.985022445224633,28.543762206193527,9.172512625796061,0.039992481280426,0.341291381592153,0.757292566956361
241.0,-378.18770260879444,-360.94972166918,-382.77158130228065,429.823997147299,430.400184935674,459.980136845415,25.09045683104975,28.68257507413133,9.200384915246152,0.0393126330155599,0.341517623143343,0.756915271388959
242.0,-379.11250015346366,-361.9149775289094,-383.843759997439,430.827830487214,431.440265566832,461.129606737473,25.19585977210631,28.821366794354205,9.228181994040629,0.0386379433209127,0.341742060418809,0.756539476185479
243.0,-380.03542527570954,-362.87826310195544,-384.9137685737615,431.829646332897,432.47825736223,462.276803317627,25.301231690603043,28.960137035599328,9.255904320085772,0.0379683373192,0.341964715488695,0.756165170084202
244.0,-380.95644884385416,-363.8395903799078,-385.98162010326496,432.829412902568,433.514172874653,463.421740022646,25.40657013244831,29.09888547029375,9.283552347027006,0.0373037816875296,0.342185610057021,0.755792341956654
245.0,-381.87562487280695,-364.7989712333247,-387.04732752740875,433.827188671281,434.54802453163,464.56443015745,25.511934005300702,29.23761177398308,9.311126524257705,0.0366441839216896,0.342404765469331,0.755420980805346
246.0,-382.7929423284535,-365.7564174134401,-388.1109036589118,434.822961506004,435.579824637187,465.704886896913,25.61717878700676,29.37631562451603,9.338627296889143,0.03598949946914,0.342622202720146,0.755051075761537
247.0,-383.70841703459865,-366.7119405538406,-389.17236118353753,435.816748430076,436.609585373559,466.843123287635,25.722407379559428,29.514996700862664,9.366055105666549,0.0353396653137734,0.3428379424603,0.754682616082999
248.0,-384.62205645426127,-367.6655521721174,-390.23171266184727,436.808557393054,437.637318802887,467.979152249685,25.827610471377454,29.653654681264914,9.393410386686485,0.0346946253281063,0.343052005003945,0.754315591152138
249.0,-385.5338994307515,-368.6172636714948,-391.2889705309228,437.798430412226,438.663036868884,469.112986578311,25.932786409783823,29.792289240261606,9.420693570774125,0.0340543022467875,0.343264410335544,0.753949990473414
250.0,-386.4439096809698,-369.5670863424445,-392.34414710606256,438.786327951632,439.686751398494,470.244638945625,26.037931307210002,29.93090004361237,9.447905081461094,0.0334186724302392,0.343475178116577,0.75358580367175
251.0,-387.35212675350823,-370.51503136429795,-393.3972545824725,439.772292798249,440.708474103541,471.374121902291,26.143045998374397,30.06948673914005,9.475045327777915,0.0327876598491231,0.34368432769233,0.753223020490554
252.0,-388.25855702891704,-371.46110980688997,-394.4483050371133,440.756331734661,441.728216582425,472.501447879373,26.248129859482138,30.208048938698695,9.502114663571662,0.0321612126009544,0.343891878097471,0.752861630789195
253.0,-389.16321058547277,-372.40533263231407,-395.4972257724994,441.738455559544,442.745990321934,473.626538382548,26.35318262309224,30.346586180367147,9.529131494238403,0.0315392770066402,0.344097848064137,0.75250165355589
254.0,-390.06609773240626,-373.3477106970233,-396.5443041088716,442.718675324201,443.761806699428,474.749701095048,26.45820412428937,30.485097836896312,9.556054134003759,0.0309218000273422,0.34430225602676,0.752142984469493
255.0,-390.96722875312673,-374.2882547550587,-397.589235429182,443.697002053779,444.775676986247,475.87060876733,26.563194252202543,30.62358285785223,9.58290752011275,0.0303087294277355,0.344505120126922,0.751785722133884
256.0,-391.86661385565844,-375.2269754658337,-398.63217114336845,444.673446693428,445.787612356026,476.989423314346,26.668152928344647,30.76203883621306,9.609692598530144,0.0297000137947798,0.344706458225115,0.751429808955431
257.0,-392.7642631591892,-376.1638834293226,-399.67311118760034,445.648020093672,446.797623922559,478.106144178657,26.77308009524561,30.900456723312235,9.636409679120867,0.0290956025301466,0.344906287907714,0.751075239313017
258.0,-393.6601866900165,-377.09898540790505,-400.7120652469646,446.620733005977,447.8057186666,479.220781266571,26.87797570940946,31.03893166790992,9.663059110278946,0.0284954458382806,0.345104625712863,0.750722004313098
259.0,-394.55439438058164,-378.03229986192974,-401.74904410093666,447.591596081671,448.81191618419,480.333345664713,26.98283973717757,31.177318266478544,9.689641242729236,0.027899494711341,0.345301490370327,0.750370094754153
260.0,-395.446896069686,-378.9638330161351,-402.78405872703775,448.56061987215,449.81622288476,481.443848678451,27.08767215206682,31.31569920342506,9.716156425804295,0.0273077009142483,0.345496897805195,0.750019501432502
261.0,-396.3377015032097,-379.893592911105,-403.8171201045077,449.52781482963,450.818647138985,482.552301621197,27.192472932871564,31.454019925531508,9.742605006623172,0.0267200169695817,0.345690864078657,0.749670215208622
262.0,-397.2268203350598,-380.82159077831045,-404.84823915436795,450.493191308148,451.819200761603,483.658715750017,27.297242062460924,31.59232087458788,9.768987329886597,0.0261363961427264,0.345883405703496,0.749322227026377
263.0,-398.11426212822334,-381.74780341316807,-405.877426717363,451.456759564678,452.81785844129,484.763102241862,27.401979526896113,31.73060003042105,9.795303737761552,0.0255567924273129,0.346074531861441,0.74897552792007
264.0,-399.0000363558705,-382.6723447063716,-406.9046935449585,452.418529760301,453.814742691152,485.865472183817,27.506685314800364,31.868848011398978,9.821554575006141,0.0249811605308951,0.346264279723711,0.748630109007296
265.0,-399.88415240247673,-383.59511700702524,-407.93005029554365,453.378511961396,454.809747936904,486.965836568927,27.6113594168984,32.00707158273324,9.847740163429757,0.0244094558610117,0.346452642708431,0.748285961531094
266.0,-400.76661956494974,-384.5161673752191,-408.9535075329184,454.33671614084,455.802924640072,488.064206294482,27.716001825670777,32.14526785559804,9.87386085290023,0.023841634511498,0.346639643796906,0.747943076777182
267.0,-401.64744705374954,-385.43550509226276,-409.9750757258184,455.293152179196,456.794282531455,489.16059216141,27.820612535091907,32.28343643813946,9.899916970352296,0.0232776532491585,0.346825297984463,0.747601446155028
268.0,-402.52664399400237,-386.3531396001859,-410.9947652478561,456.247829865899,457.783831518685,490.255004874125,27.92519154042754,32.421577018893906,9.925908845267692,0.022717469500731,0.347009620091913,0.747261061156021
269.0,-403.40421942659987,-387.26908029349306,-412.0125863774464,457.200758900423,458.771581461633,491.347455040355,28.029738838073932,32.559689323816386,9.951836804538482,0.0221610413400962,0.347192624726659,0.746921913360704
270.0,-404.2801823092875,-388.183336491535,-413.0285492972239,458.151948893442,459.757542142563,492.437953170426,28.134254425433184,32.69777310078721,9.97770117236184,0.0216083274759441,0.34737432628098,0.746583994438102
271.0,-405.1545415177365,-389.0959174325725,-414.0426640920032,459.101409367965,460.741723259675,493.526509674988,28.238738300808606,32.83582811201961,10.003502270025582,0.0210592872395023,0.347554738934638,0.74624729614538
272.0,-406.02730584660355,-390.00683227255524,-415.0549407428143,460.04914976047,461.724134425736,494.613134858524,28.343190463318525,32.97385412989248,10.029240415341574,0.0205138805727196,0.347733876658413,0.745911810329039
273.0,-406.89848401057543,-390.9160900852806,-416.06538910900775,460.995179422009,462.704785168198,495.697838900051,28.447610912695897,33.11185093449678,10.054915921057741,0.0199720680163377,0.347911753217811,0.745577528929798
274.0,-407.76808464540034,-391.8236998630387,-417.07401886483456,461.939507619311,463.683684929838,496.780631784951,28.551999649882244,33.24981831212779,10.080529089372236,0.0194338107000319,0.34808838217663,0.745244444002655
275.0,-408.63611630890523,-392.729670517448,-418.0808391769176,462.88214353586,464.660843069614,497.861522958603,28.656356675663613,33.38775605422079,10.10608018371188,0.0188990703283093,0.348263776901423,0.744912547822122
276.0,-409.502587482002,-393.63401088037057,-419.08585444119205,463.823096272969,465.636268863596,498.940516749278,28.76068199192892,33.525663956819585,10.131569042644493,0.0183678091728882,0.348437950563582,0.744581834282097
277.0,-410.36750656968036,-394.5367297048558,-420.08702348826887,464.762374850838,466.60997150594,500.015421228642,28.86497560099003,33.66354182001649,10.156932875196315,0.0178399900601597,0.348610916144318,0.744252968656232
278.0,-411.23088190199104,-395.43783566609795,-421.09055679356936,465.699988209597,467.581960109866,501.09290401253,28.969237505652764,33.801389447552275,10.182365529130553,0.0173155763615398,0.348782686437865,0.743923908152788
279.0,-412.0927217350194,-396.33733736238963,-422.0902385334793,466.635945210346,468.552243708646,502.16629098416,29.073467709187465,33.93920664675433,10.207671732404247,0.0167945319831166,0.34895327405404,0.743596688249869
280.0,-412.9530342518507,-397.2352433160712,-423.08815998322405,467.570254636182,469.520831256574,503.23782710894,29.17766621530025,34.07699322815468,10.232917523608835,0.0162768213559442,0.349122691422642,0.74327061813549
281.0,-413.8118275635305,-398.13156197447233,-424.08432981955843,468.502925193223,470.487731629943,504.307521334773,29.28183302808383,34.21474900542354,10.258103166564984,0.015762409426052,0.349290950796073,0.742945690544063
282.0,-414.66910971001977,-399.02630171084246,-425.0787570484359,469.433965511627,471.452953627999,505.375382967494,29.385968151989815,34.35247379522432,10.283228948041993,0.0152512616452439,0.349458064252752,0.74262189814903
283.0,-415.52488866115056,-399.9194708252746,-426.0714506913663,470.363384146607,472.416505973894,506.441421334061,29.490071591785423,34.49016741710315,10.308295159154229,0.0147433439616782,0.349624043700173,0.742299233665251
284.0,-416.37917231758365,-400.8110775456186,-427.06241972323716,471.291189579456,473.378397315629,507.50564571573,29.594143352516355,34.62782969330305,10.333302091165812,0.0142386228108558,0.349788900877301,0.741977689868673
285.0,-417.23196851177505,-401.7011300283873,-428.051673054691,472.217390218579,474.33863622699,508.568065329062,29.698183439439994,34.7654604491463,10.358250034188337,0.0137370651065058,0.349952647360952,0.741657259601517
286.0,-418.083285008954,-402.589636359657,-429.03921952626473,473.141994400533,475.297231208473,509.628689319572,29.802191858008317,34.90305951201633,10.383139276712477,0.0132386382323113,0.350115294561927,0.741337935773504
287.0,-418.9331295081256,-403.4766045559632,-430.0250679064749,474.065010391104,476.254190688216,510.687526759604,29.90616861376882,35.04062671222816,10.407970105410262,0.0127433100329003,0.350276853734691,0.74101971136181
288.0,-419.78150964310396,-404.3620425651966,-431.0092268914791,474.986446386406,477.209523022921,511.744586647908,30.010113712309646,35.17816188248002,10.432742806729067,0.012251048805707,0.350437335976757,0.740702579343489
289.0,-420.62843298359314,-405.24595826750215,-431.99170510548777,475.906310514042,478.163236498782,512.799877910019,30.114027159161957,35.315664857874346,10.457457658453036,0.0117618232926644,0.350596752232129,0.74038653303027
290.0,-421.4739070363354,-406.12835947618765,-432.97251110162654,476.824610834335,479.115339332436,513.853409399121,30.217908959689964,35.45313547584623,10.482114946505035,0.0112756026720971,0.350755113294004,0.740071565396354
291.0,-422.3179392463535,-407.00925393865066,-433.95165336318416,477.741355341657,480.065839671913,514.90518989733,30.321759118954578,35.59057357606934,10.506714948138413,0.0107923565507511,0.350912429807387,0.73975766974883
292.0,-423.160536998328,-407.8886493373351,-434.9291403053424,478.656551965912,481.01474559764,515.955228117492,30.425577641518235,35.72797900037698,10.531257940329938,0.010312054955845,0.351068712271768,0.7394448393907
293.0,-424.001707618162,-408.7665532907369,-435.90498027768285,479.57020857422,481.962065123485,517.003532705821,30.52936453122724,35.86535159264392,10.555744198164744,0.00983466832728429,0.351223971043562,0.739133067686851
294.0,-424.84145837481964,-409.6429733544828,-436.8791815681368,480.482332972899,482.907806197885,518.050112246081,30.633119790884958,36.00269119865584,10.580173994810083,0.00936016750967101,0.351378216338728,0.738822348062014
295.0,-425.67979648255573,-410.5179170225268,-437.8517524099245,481.392932909866,483.851976705103,519.094975266994,30.736843421813383,36.13999766593257,10.604547601569482,0.00888852374476257,0.351531458235153,0.738512673998144
296.0,-426.51672910372343,-411.391391728526,-438.8227009953125,482.302016077683,484.794584466679,520.13813025696,30.840535423328834,36.277270843520185,10.628865287938691,0.00841970866289895,0.351683706675242,0.738204039029463
297.0,-427.3522633524454,-412.26340484750386,-439.7920355069525,483.209590117518,485.735637243187,521.179585697687,30.94419579185021,36.414510581664125,10.653127321709764,0.00795369427504373,0.351834971468273,0.737896436732072
298.0,-428.18640629960703,-413.1339636979733,-440.7597642026782,484.115662624565,486.675142736495,522.219350155251,31.04782451975453,36.551716731379,10.67733396922989,0.00749045296372334,0.351985262292947,0.737589860696769
299.0,-429.01916497992545,-414.0030755448288,-441.7258957076506,485.020241155703,487.613108592857,523.25743259398,31.151421593621848,36.688889143773004,10.70148549631918,0.00702995747311544,0.35213458869995,0.737284304436485
300.0,-429.85054640236774,-414.8707476035546,-442.6904405277658,485.923333240804,488.549542407416,524.293844002673,31.254986991586005,36.82602766900213,10.725582172814635,0.00657218089756292,0.352282960114696,0.736979760909578
301.0,-430.68055756617764,-415.73698704680055,-443.65343359150756,486.824946400128,489.484451731277,525.328621617472,31.358520679177893,36.963132154568655,10.749624340446417,0.00611709666737656,0.352430385840438,0.736676215425367
302.0,-431.50915759918473,-416.60180101542596,-444.6147188469688,487.725036152951,490.417844083391,526.361597455049,31.462083147491104,37.10020246536667,10.773611764508836,0.00566470461172013,0.352576876094656,0.736373713430877
303.0,-432.3364422112302,-417.46519663854315,-445.5745820672864,488.623706385631,491.349726972168,527.393078311075,31.56555587146645,37.237238363073914,10.797568828578141,0.00521493036443104,0.352722436851081,0.736072161363954
304.0,-433.1623759638202,-418.32718107316504,-446.5328350194188,489.520918522238,492.280107938239,528.422861625467,31.66899726244035,37.374239726973165,10.821455528230354,0.00476777151750732,0.352867080182792,0.735771614873375
305.0,-433.98696546265023,-419.1877615911003,-447.48953575673,490.41667965916,493.208994648236,529.451009498012,31.772407394836566,37.5112062926626,10.845289188675647,0.00432320297380439,0.353010813909568,0.735472052131699
306.0,-434.8102172568459,-420.046945796041,-448.4446917693732,491.310996832212,494.136395129102,530.47752969671,31.875786388228917,37.64813772205054,10.869070123411957,0.00388119996886914,0.353153646884103,0.735173467259766
307.0,-435.6321378364151,-420.9047422738796,-449.3983104878462,492.203877013863,495.06231847009,531.502429928599,31.979134457140397,37.78503338812103,10.892798610454733,0.00344173806690363,0.353295587978964,0.734875854430464
308.0,-436.45273362422614,-421.76116317630215,-450.35039928342934,493.0953271045,495.986777611729,532.525717840186,32.0824520456201,37.92189167196177,10.91647491757411,0.00300479316008005,0.353436646555035,0.734579207869201
309.0,-437.27201094698637,-422.6162419402923,-451.30096546879116,493.985353900892,496.909808474095,533.547401018046,32.18574028120389,38.058705003858705,10.940099307782639,0.00257034147847287,0.353576835336431,0.734283521852779
310.0,-438.0899758846533,-423.4697673760214,-452.2500162986184,494.873963932579,497.831182905981,534.567486989463,32.28900321925051,38.19555028608581,10.963672040936018,0.0021383596638959,0.353716127053506,0.733988790708608
311.0,-438.906638284982,-424.32200572588545,-453.19755897025027,495.761167823189,498.751188138999,535.585983223066,32.392198108189014,38.33231964846211,10.987193374313584,0.00170882266110815,0.353854572339815,0.733695008814415
312.0,-439.7219980492519,-425.17301147347996,-454.14360062430603,496.646965391524,499.669882826636,536.602897129464,32.49538840004654,38.4690285582036,11.010663562904368,0.00128171090687931,0.353992186808252,0.733402170597538
313.0,-440.53606675222716,-426.02255549810764,-455.0881483453071,497.531369139046,500.587019456543,537.618236061869,32.598524316979386,38.60569219972869,11.034082859567542,0.000856998987000622,0.354128940300925,0.733110270534091
314.0,-441.34876090768597,-426.8707493903918,-456.0312091622902,498.414288292519,501.502718327556,538.632007316721,32.701702331907036,38.74237169724038,11.057451515095062,0.000434711076088317,0.354264857730177,0.732819303148813
315.0,-442.1603521432066,-427.7176203155725,-456.97279004941305,499.296017880573,502.417008602685,539.644218134295,32.804781226490704,38.87901432093248,11.080769778281239,1.46874799612333e-05,0.354399950159384,0.732529263013913
316.0,-442.9701619740015,-428.5631666017104,-457.9128979265512,500.175820706951,503.329888314738,540.654875699303,32.90770121744957,39.01562232265468,11.104037895957827,-0.000402740312279889,0.354534223939829,0.732240144748974
317.0,-443.7794118001925,-429.40750554464137,-458.85153965988746,501.055023671943,504.241483943183,541.663987141492,33.01081450896434,39.152092284805285,11.127256113028746,-0.000818219596934115,0.354667704113927,0.731951943020149
318.0,-444.58702572723803,-430.2504227362235,-459.788722062493,501.932457814221,505.151563841781,542.671559536232,33.1138613007069,39.28859981628817,11.150424672496976,-0.0012312151489347,0.354800363260659,0.731664652539655
319.0,-445.3934033079113,-431.0920255510555,-460.7244518949001,502.808557154337,506.060243778908,543.677599905087,33.21687266250351,39.4250713523533,11.17354381548853,-0.00164195022177147,0.354932224779227,0.731378268065217
320.0,-446.1987733317429,-431.9323202195235,-461.65873586566704,503.683570199437,506.967530324839,544.682115216395,33.31975381522663,39.56150675276112,11.196613781276636,-0.0020505583139009,0.355063295964355,0.731092784399512
321.0,-447.00272110151565,-432.7713128752075,-462.591580631936,504.557046325428,507.873429947002,545.685112385827,33.422659981617564,39.69790589179428,11.21963480730135,-0.00245684620158066,0.355193584012654,0.730808196389655
322.0,-447.80542585866186,-433.60900958112586,-463.52299279998186,505.429180205385,508.777949038291,546.68659827694,33.52553521625651,39.83426865324372,11.24260712920217,-0.00286092226935952,0.35532309602826,0.730524498926726
323.0,-448.60689521641405,-434.4454163407504,-464.4529789257557,506.299980044598,509.681093928935,547.686579701732,33.628379528956756,39.97059492741847,11.265530990087697,-0.00326280738199748,0.355451839025829,0.7302416910602
324.0,-449.40713550387943,-435.28053910365213,-465.38154551541834,507.169452653904,510.582870892568,548.685063421175,33.73119289494068,40.10688460938849,11.288406594124107,-0.00366252152446265,0.355579819932837,0.729959755421762
325.0,-450.2061526515612,-436.1143837688288,-466.308699025868,508.037604411759,511.483286149801,549.682056145755,33.83397529249742,40.24313759786924,11.311234199532944,-0.00406008425775714,0.355707045591263,0.729678699376783
326.0,-451.0039524134163,-436.9469561868807,-467.2344458652617,508.904441505484,512.382345870554,550.677564535992,33.93672670782883,40.37935379453867,11.334014025573023,-0.00445551483467026,0.355833522759231,0.729398513871547
327.0,-451.8005404402094,-437.77826216155745,-468.1587923935274,509.769970010955,513.280056175696,551.671595202966,34.039447134161584,40.5155331035754,11.35674629909308,-0.00484883224296493,0.35595925811244,0.729119194008915
328.0,-452.59592230889035,-438.60830745093153,-469.0817449228705,510.63419592451,514.176423138303,552.664154708824,34.14213657042027,40.651675431346426,11.379431245241708,-0.00524005522172145,0.356084258245541,0.728840734932744
329.0,-453.3901035362767,-439.43709776834226,-470.00330971827395,511.497125177804,515.071452784645,553.655249567287,34.244795019751784,40.78778068619164,11.40206908745753,-0.00562920227252427,0.35620852967347,0.728563131827408
330.0,-454.18308958628137,-440.26463878318697,-470.9234929979908,512.358763645656,515.96515109503,554.644886244151,34.34742248875711,40.92384877825849,11.424660047554385,-0.00601629166670034,0.356332078832664,0.728286379917031
331.0,-454.9748858741617,-441.0909361216128,-471.8423009340306,513.219117150655,516.857524004528,555.633071157775,34.45001898633934,41.05987961939348,11.447204345664018,-0.00640134145023256,0.356454912082342,0.728010474465428
332.0,-455.7654977692562,-441.91599536713596,-472.7597396526388,514.078191466124,517.748577403618,556.619810679572,34.552584523521695,41.19587312304686,11.469702200289879,-0.00678436944878528,0.356577035705663,0.727735410775417
333.0,-456.5549305968907,-442.7398220612099,-473.6758152347705,514.935992318186,518.638317138785,557.605111134483,34.65511911284122,41.33182920420795,11.492153828316644,-0.00716539327152796,0.356698455910915,0.727461184188478
334.0,-457.34318963979393,-443.56242170375526,-474.5905337165578,515.79252538729,519.526749013075,558.588978801455,34.757622768083465,41.467747779346745,11.514559445026478,-0.00754443031504913,0.356819178832643,0.727187790084241
335.0,-458.13028013920893,-444.38379975366166,-475.50390108976984,516.647796309415,520.413878786616,559.571419913905,34.860095504044544,41.60362876637135,11.536919264113283,-0.00792149776693393,0.35693921053277,0.726915223880108
336.0,-458.9162072958033,-445.20396162926534,-476.41592330226877,517.501810677047,521.299712177116,560.55244066018,34.96253733635238,41.73947208459291,11.559233497700426,-0.00829661260894561,0.357058557001686,0.726643481030789
337.0,-459.7009762704432,-446.0229127088096,-477.326606258458,518.354574040014,522.184254860344,561.532047184015,35.06494828133273,41.875277654684425,11.58150235635152,-0.0086697916207693,0.357177224159346,0.726372557027952
338.0,-460.4845921848713,-446.84065833088926,-478.23595581972563,519.206091906216,523.06751247059,562.510245584982,35.167328355897425,42.01104539867496,11.603726049112971,-0.00904105138279574,0.357295217856246,0.726102447399723
339.0,-461.26706012231347,-447.6572037948823,-479.14397780488093,520.056369742276,523.949490601119,563.487041918927,35.26967757746124,42.14677523991425,11.625904783427783,-0.00941040827930288,0.357412543874569,0.725833147710297
340.0,-462.04838512803263,-448.4725543613716,-480.0506779905867,520.905412974134,524.830194804601,564.462442198417,35.37199596387694,42.28246710306072,11.648038765350499,-0.00977787850161585,0.357529207929116,0.725564653559537
341.0,-462.8285722098435,-449.2867152525544,-480.9560621117851,521.753226987599,525.709630593546,565.436452393164,35.47428353338524,42.4181209140552,11.670128199318421,-0.0101434780513533,0.357645215668271,0.725296960582925
342.0,-463.60762633859304,-450.0996916526457,-481.8601358621175,522.599817128864,526.587803440715,566.409078430455,35.576540304541,42.55373660013916,11.6921732883752,-0.0105072227410715,0.3577605726751,0.725030064450325
343.0,-464.38555244861726,-450.91148870827004,-482.7629048943393,523.445188704998,527.464718779533,567.380326195574,35.67876629624165,42.68931408982117,11.714174234052205,-0.0108691282016798,0.357875284468183,0.724763960866463
344.0,-465.1623554381765,-451.72211152884825,-483.664374820731,524.289346984407,528.340382004487,568.350201532213,35.78096152763418,42.82485331288569,11.736131236436883,-0.0112292098805873,0.357989356502625,0.72449864557014
345.0,-465.9380401698729,-452.53156518697597,-484.56455121350155,525.132297197285,529.214798471521,569.318710242888,35.88312601812383,42.96035420040203,11.758044494179146,-0.011587483046704,0.358102794170925,0.724234114333896
346.0,-466.71261147105434,-453.33985471879157,-485.46343960518647,525.974044536044,530.087973498418,570.285858089339,35.985259787347935,43.09581668474766,11.77991420449693,-0.0119439627926421,0.358215602803802,0.723970362963816
347.0,-467.48607413420365,-454.14698512434114,-486.3610454890449,526.814594155732,530.959912365176,571.251650792934,36.087362855159846,43.231240699493156,11.80174056320415,-0.0122986640373085,0.358327787671798,0.723707387298847
348.0,-468.25843291731877,-454.9529613679291,-487.25737431944526,527.653951174439,531.830620314376,572.216094035061,36.18943524161671,43.366626179713386,11.823523764871917,-0.0126516015284508,0.358439353984612,0.723445183210705
349.0,-469.02969254428325,-455.75778837846383,-488.15243151225195,528.492120673692,532.700102551538,573.17919345752,36.29147696696517,43.5019730617362,11.845264002047218,-0.013002789845159,0.358550306893575,0.723183746603519
350.0,-469.79985770522524,-456.561471049787,-489.04622244520345,529.329107698839,533.568364245462,574.140954662908,36.39348805164243,43.63728128333706,11.866961466864426,-0.0133522434003401,0.358660651491502,0.72292307341324
351.0,-470.56893305687214,-457.36401424099006,-489.93875245828724,530.164917259433,534.435410528556,575.101383214997,36.49546851625406,43.77255078378579,11.888616349459507,-0.0136999764430959,0.358770392814068,0.722663159607617
352.0,-471.3369232228953,-458.16542277670465,-490.83002685410895,530.999554329591,535.301246497136,576.060484639113,36.59741838157977,43.90778150397175,11.910228838928164,-0.0140460030611492,0.35887953584021,0.72240400118078
353.0,-472.1038327942491,-458.9657014473595,-491.72005089825825,531.833023848365,536.165877211689,577.018264422504,36.69933766856855,44.042973386520124,11.931799122447089,-0.014390337183101,0.358988085493132,0.722145594177352
354.0,-472.8696663295036,-459.76485500937946,-492.60882981966927,532.665330720095,537.029307697074,577.974728014708,36.80122639833312,44.17812637601879,11.953327386751393,-0.0147329925807502,0.35909604664108,0.721887934643327
355.0,-473.6344283551711,-460.56288818527867,-493.4963688109764,533.496479814755,537.891542942609,578.929880827916,36.9030845921497,44.313240419286046,11.974813816680841,-0.0150739828713522,0.359203424097914,0.72163101867457
356.0,-474.39812336602654,-461.35980566355465,-494.3826730288653,534.326475968299,538.752587901944,579.883728237326,37.00491227145993,44.448315465806566,11.996258595927044,-0.0154133215197846,0.359310222624096,0.721374842392053
357.0,-475.1607558254235,-462.15561209816167,-495.26774759442225,535.155323982999,539.612447492478,580.836275581499,37.10670945787178,44.58335146826331,12.017661906897024,-0.0157510218407205,0.35941644692711,0.721119401946447
358.0,-475.92233016560346,-462.95031210700347,-496.1515975934744,535.983028627771,540.471126593716,581.787528162705,37.20847617314505,44.71834838341232,12.03902393072875,-0.0160870970008203,0.359522101661978,0.720864693517775
359.0,-476.68285078800164,-463.7439102678197,-497.03422807693073,536.809594638507,541.328630042814,582.737491247271,37.31021243932127,44.85330617317571,12.060344847288583,-0.0164215600177145,0.359627191431513,0.720610713315317
360.0,-477.44232206354553,-464.53641110578826,-497.9156440611149,537.635026718392,542.184962621164,583.686170065917,37.41191827836725,44.988224805985524,12.081624835219868,-0.01675442377717,0.359731720785261,0.720357457576781
361.0,-478.2007483329503,-465.3278190465167,-498.79585052809745,538.459329538218,543.040129003591,584.633569814097,37.51359371273818,45.12310425686676,12.102864071888957,-0.0170857010049947,0.359835694214188,0.720104922568756
362.0,-478.95813390700704,-466.1180806377773,-499.6748524260204,539.282507736695,543.894071323649,585.579695652326,37.615238764922616,45.25800936997373,12.124062733482111,-0.0174154042991285,0.359939108611484,0.719853104585706
363.0,-479.7144830668672,-466.9073333361437,-500.55265466942063,540.104565920752,544.746938009489,586.52455270651,37.716853457663305,45.39275675541785,12.145220994973137,-0.0177435461165117,0.360041985755311,0.719601999949732
364.0,-480.46980006432045,-467.6955115729379,-501.4292621395487,540.925508665836,545.598658105297,587.468146068274,37.81843781393622,45.52746202573451,12.166339030024146,-0.0180701387780771,0.36014432083061,0.7193516050121
365.0,-481.2240891220661,-468.48261747877575,-502.3046796846826,541.745340516201,546.449233810063,588.410480795275,37.91999185697449,45.66223144249168,12.187417011279532,-0.0183951944705377,0.360246117863036,0.719101916149063
366.0,-481.9773544339781,-469.2686285755742,-503.178912120439,542.564065985192,547.29864072984,589.351561911524,38.02151561029355,45.796916297825064,12.208455110087929,-0.018718725248331,0.360347377639647,0.71885292976546
367.0,-482.7296001653613,-470.0535737743561,-504.05196423008033,543.381689555515,548.146910004989,590.291394407694,38.12300909773272,45.931563802830134,12.229453496656737,-0.0190407430353549,0.360448107570963,0.718604642292529
368.0,-483.48083045319925,-470.83745719989304,-504.923840764818,544.198215679507,548.994045992088,591.229983241436,38.224472343478666,46.06617691523884,12.250412340034973,-0.0193612596268277,0.360548311806427,0.71835705018802
369.0,-484.2310494063887,-471.62028301861994,-505.794546444112,545.013648779382,549.840053093663,592.167333337674,38.32590537213488,46.20076840370838,12.271331808125089,-0.0196802866909729,0.360647994461679,0.718110149934994
370.0,-484.98026110595845,-472.40205872216666,-506.6640859559673,545.827993247465,550.684939306813,593.103449588916,38.42730820877367,46.33523984001091,12.292212067682394,-0.0199978357707731,0.360747160020403,0.717863938046065
371.0,-485.7284696052692,-473.18278166465643,-507.53246395722635,546.641253446405,551.528701673632,594.038336855548,38.52868087901656,46.469722718239524,12.313053284349417,-0.0203139182856491,0.360845811668255,0.717618411054247
372.0,-486.4756789301805,-473.9624590531354,-508.3996850738578,547.453433709351,552.371347885389,594.971999966126,38.630023409166,46.60410568019667,12.333855622642945,-0.0206285455329695,0.36094395377432,0.717373565521514
373.0,-487.22189307917665,-474.7410970830685,-509.26575390124253,548.264538340087,553.212884541154,595.904443717673,38.7313358261894,46.738525077438304,12.354619245973428,-0.0209417286900997,0.361041590566939,0.717129398034191
374.0,-487.96711602342504,-475.5186986689188,-510.13067500445595,549.074571613088,554.053314694894,596.83567287596,38.83261815812913,46.87289581217905,12.375344316655303,-0.0212534788151989,0.361138725794931,0.716885905203509
375.0,-488.711351706728,-476.29526788014505,-510.99445291854653,549.883537773461,554.89264264971,597.765692175797,38.93387043405804,47.007223334768305,12.39603099591354,-0.0215638068493765,0.361235363327482,0.716643083665465
376.0,-489.4546040452991,-477.07080879598215,-511.85709214881166,550.691441036705,555.730872720132,598.694506321307,39.03509268445261,47.14150928746005,12.4166794439018,-0.0218727236177449,0.36133150699721,0.716400930080435
377.0,-490.1968769272313,-477.8453254778278,-512.7185971710702,551.498285588121,556.568009202265,599.62211998621,39.13628494149632,47.27575431848352,12.43728981969894,-0.0221802398307193,0.361427160595505,0.716159441133088
378.0,-490.93817421139863,-478.6188219635686,-513.5789724319311,552.304075581618,557.404056367646,600.548537814092,39.237447239488475,47.409958721721296,12.457862281334064,-0.0224863660849972,0.361522327882164,0.715918613531966
379.0,-491.67849972524374,-479.391302266005,-514.4382223490603,553.108815137302,558.239018461532,601.473764418682,39.3385796153821,47.54412264056171,12.478396985771775,-0.022791112864076,0.361617012567118,0.715678444009548
380.0,-492.4178572602026,-480.16277037239377,-515.2963513114429,553.912508336498,559.072899702399,602.397804384113,39.4396821094133,47.67824614405613,12.498894088960665,-0.0230944905378161,0.361711218329227,0.715438929321582
381.0,-493.15625056159496,-480.93323024437643,-516.1533636796432,554.715159210758,559.905704281852,603.320662265195,39.540754765770366,47.81232926233744,12.519353745804139,-0.0233965093596554,0.361804948807511,0.71520006624725
382.0,-493.8936833037861,-481.7026858180593,-517.0092637860616,555.516771714854,560.737436364703,604.24234258767,39.64179763292594,47.94637200335759,12.539776110185878,-0.0236971794580489,0.361898207603578,0.714961851588764
383.0,-494.63015901850866,-482.47114100416206,-517.8640559351891,556.317349648857,561.568100089125,605.162849848476,39.74281076193352,48.08037436184322,12.560161334984763,-0.0239965108089605,0.361990998282052,0.714724282171126
384.0,-495.36568082790603,-483.23859968820136,-518.7177444038567,557.116896367929,562.397699566837,606.082188515999,39.843794193982184,48.214336324335974,12.580509572067024,-0.0242945131298431,0.362083324370953,0.714487354842042
385.0,-496.100249851213,-484.0050657306872,-519.5703334414851,557.915413050279,563.226238883312,607.00036303033,39.944747867924285,48.34825787221746,12.600820972315626,-0.0245911952409843,0.362175189362404,0.714251066471498
386.0,-496.8337617815083,-484.7705429673309,-520.4218272703288,558.712786269161,564.053722097988,607.917377803514,40.045691242429484,48.482138983749635,12.62109568562272,-0.0248865235019612,0.362266596713695,0.714015413951727
387.0,-497.5665989861391,-485.53503520925454,-521.272230085719,559.509431645739,564.88015324449,608.833237219794,40.14656991094927,48.61597963417433,12.641333860905982,-0.0251806597591311,0.362357549843615,0.7137803941969
388.0,-498.2983373118183,-486.2985462432032,-522.121546056303,560.304888059417,565.70553633085,609.747945635861,40.24743566879504,48.74977979870421,12.661535646112423,-0.0254734416688678,0.362448052141402,0.713546004143014
389.0,-499.0291488195893,-487.06107983175684,-522.9697793242813,561.099342514981,566.529875339725,610.661507381092,40.34827333688196,48.88353945084053,12.681701188234854,-0.025764946381705,0.362538106958626,0.713312240747482
390.0,-499.7590308968118,-487.8226397135414,-523.8169340056412,561.892792135488,567.35317422862,611.573926757791,40.44908317804672,49.01725856384873,12.701830633312074,-0.0260551807739053,0.362627717613947,0.713079100989181
391.0,-500.4879860642665,-488.58322960343867,-524.663014190389,562.68523962469,568.175436930104,612.485208041424,40.54986628936553,49.15093711078837,12.721924126440586,-0.0263441536986426,0.362716887392625,0.712846581868084
392.0,-501.2160175121121,-489.342853192794,-525.5080239427789,563.476688414312,568.996667352029,613.395355480856,40.65062499093773,49.28457506471218,12.741981812097393,-0.0266318741938953,0.362805619547025,0.712614680402992
393.0,-501.9431285591473,-490.10151414962434,-526.3519673015385,564.267142076231,569.816869377745,614.304373298576,40.751364855842425,49.41817239879193,12.76200383258049,-0.026918351266858,0.362893917296956,0.712383393641896
394.0,-502.6693317780143,-490.859216118821,-527.1948482800933,565.056614242728,570.636046866312,615.212265690933,40.85198483960573,49.55172908641018,12.781990331141994,-0.027203597464187,0.362981783830116,0.712152718640725
395.0,-503.39461423221155,-491.61596272235306,-528.0366708667877,565.845090814799,571.454203652712,616.119036828356,40.95263859994225,49.68524510125337,12.801941448886357,-0.0274876152539838,0.363069222302513,0.71192265248409
396.0,-504.1189757739195,-492.37175755946737,-528.8774390251041,566.632571596366,572.271343548057,617.024690855582,41.053262151739695,49.81872041734785,12.821857326314525,-0.0277704120700633,0.363156235838831,0.711693192274775
397.0,-504.84244847370195,-493.1266042068876,-529.7171566938783,567.419091417724,573.087470339798,617.929231891873,41.15385855356046,49.95215500911066,12.841738103037445,-0.0280520078111112,0.363242827532837,0.711464335135527
398.0,-505.5650108592643,-493.88050621901004,-530.5558277875149,568.204626900858,573.902587791927,618.832664031239,41.25442343028647,50.08554885137616,12.861583917785381,-0.02833240141839,0.363329000447769,0.711236078208706
399.0,-506.28667311545564,-494.63346712809766,-531.3934561961971,568.989189083808,574.71669964518,619.734991342651,41.35495893367733,50.21890191942156,12.881394908401381,-0.0286116040900179,0.363414757616733,0.711008418656722
400.0,-507.0074388342046,-495.3854904444722,-532.2300457860972,569.772781837477,575.529809617241,620.636217870254,41.45546494356949,50.352214188980504,12.901171211858987,-0.0288896243959859,0.363500102043026,0.710781353660912
401.0,-507.7273114063918,-496.1365796567047,-533.0656003995828,570.555408814484,576.341921402935,621.536347633584,41.55594145790706,50.485485636258346,12.920912964271812,-0.0291664707397941,0.363585036700557,0.710554880422111
402.0,-508.44629416873363,-496.88673823180284,-533.9001238554216,571.337073608851,577.153038674427,622.435384627771,41.65638849211115,50.61871623794143,12.940620302528488,-0.0294421514328951,0.3636695645342,0.710328996166694
403.0,-509.16439042740086,-497.63596961539673,-534.7336199489839,572.117779781673,577.963165081414,623.333332823748,41.75680606640024,50.75190597119737,12.960293356126423,-0.0297166747016135,0.363753688460125,0.71010369811399
404.0,-509.8816034643595,-498.38427723192365,-535.5660924524421,572.89753086801,578.772304251321,624.230196168459,41.857194202775645,50.885054813691525,12.97993226353505,-0.0299900486905694,0.363837411366215,0.709878983540952
405.0,-510.5979248494365,-499.13166448480877,-536.3975451149696,573.676317669684,579.580459789484,625.125978585056,41.957485115648446,51.01816274356816,12.99953715589016,-0.0302622770230427,0.363920736112266,0.709654849717429
406.0,-511.31338058963235,-499.87813475664603,-537.227981662935,574.454168429025,580.387635279345,626.020683973104,42.05781776002814,51.15122973947929,13.019108164960349,-0.0305333763495783,0.364003665530573,0.709431293937008
407.0,-512.0279628260105,-500.6236914093754,-538.0574058000976,575.231074569531,581.193834282633,626.914316208774,42.15812046527947,51.28425578056182,13.038645421958146,-0.030803350357334,0.364086202426035,0.709208313513168
408.0,-512.7416747538877,-501.36833778445896,-538.8858212077977,576.007039533146,581.999060339548,627.806879145045,42.258393393980135,51.41724084644016,13.058149057096372,-0.0310722068764902,0.364168349576605,0.708985905776441
409.0,-513.4545195499481,-502.11207720305526,-539.7132315451452,576.782066741822,582.803316968945,628.698376611893,42.358636666351074,51.55018491723716,13.07761919984104,-0.0313399536636458,0.36425010973359,0.708764068075328
410.0,-514.166500372117,-502.8549129661912,-540.5396404492095,577.556159597377,583.606607668512,629.588812416486,42.45885037525227,51.68308797356128,13.097055978846775,-0.031606598400179,0.364331485621986,0.708542797776196
411.0,-514.8776203595479,-503.59684835493243,-541.3650515352025,578.329321481481,584.408935914948,630.47819034337,42.559034595214364,51.81594999663522,13.116459521978644,-0.0318721486943239,0.364412479941679,0.708322092262838
412.0,-515.5878826326748,-504.33788663055196,-542.1894805355737,579.101555755709,585.210305164137,631.366527234679,42.65918938812944,51.948770967615566,13.135850445136303,-0.0321366120817426,0.364493095363255,0.708101945664961
413.0,-516.297290293297,-505.07803103469666,-543.0129069575471,579.872865761632,586.010718851329,632.253800900015,42.759314806941276,52.081550868975526,13.155188538929663,-0.0323999960262982,0.364573334537353,0.707882361891191
414.0,-517.0058464246896,-505.8172847895524,-543.8353462793584,580.643254820929,586.810180391303,633.140027909153,42.85941089808985,52.21428968970817,13.174493789276411,-0.032662307921508,0.364653200140012,0.707663335158543
415.0,-517.7135540917247,-506.5556510980067,-544.6568020305913,581.412726235523,587.608693178543,634.025211958004,42.95947770326519,52.34698739296793,13.193766321060272,-0.0329235550901286,0.364732694606981,0.707444862919692
416.0,-518.4204163410025,-507.29313314380994,-545.4772777198696,582.181283287718,588.406260587404,634.909356720776,43.0595152605392,52.479643982058846,13.213006258410614,-0.0331837447862508,0.364811820674174,0.707226942644039
417.0,-519.126436200986,-508.02973409173615,-546.2967768350314,582.948929240341,589.202885972281,635.792465850153,43.15952360524813,52.612259434287395,13.232213724696432,-0.0334428841954798,0.364890580836883,0.707009571817672
418.0,-519.83161668214,-508.76545708773926,-547.1153028433013,583.715667336896,589.998572667773,636.674542977474,43.25950277060672,52.74483379338444,13.251388842534997,-0.0337009804359655,0.364968977744256,0.70679274794322
419.0,-520.5359607770712,-509.50030525911086,-547.9328591914591,584.481500801706,590.793323988844,637.555591712903,43.359452788169264,52.87736686614012,13.270531733806246,-0.0339580405590116,0.365047013527239,0.706576468539602
420.0,-521.2394714606694,-510.23428171463365,-548.7494493060096,585.246432840072,591.587143230988,638.435615645605,43.459373688179845,53.00985881586704,13.289642519648982,-0.0342140715501334,0.365124691035249,0.706360731141999
421.0,-521.9421516902478,-510.9673895447347,-549.5650765933482,586.010466638418,592.380033670386,639.314618343915,43.55926549981167,53.14230956897337,13.308721320473953,-0.0344690803294666,0.365202012600299,0.706145533301613
422.0,-522.6440044056844,-511.69963182163724,-550.3797444399255,586.773605364443,593.171998564065,640.192603355508,43.65912825140649,53.274719111605116,13.327768256191622,-0.0347230737530204,0.36527898065491,0.705930872581512
423.0,-523.3450325295619,-512.4310115995095,-551.1934562124111,587.535852167274,593.963041150057,641.069574207564,43.75896197061394,53.40708743037142,13.34678344507507,-0.0349760586130921,0.365355597609291,0.705716746577255
424.0,-524.0452389673076,-513.1615319146135,-552.0062152578547,588.297210177611,594.753164647548,641.945534406934,43.85876668452413,53.53941451233663,13.365767006070424,-0.035228041639185,0.365431865851465,0.705503152874805
425.0,-524.744626607331,-513.8911957854517,-552.8180249038448,589.057682507878,595.542372257037,642.820487440307,43.95854241969105,53.67170034487395,13.384719056168848,-0.0354790294980826,0.365507787746993,0.705290089088793
426.0,-525.443198321163,-514.6200062129112,-553.6288884586677,589.81727225237,596.330667160483,643.694436774365,44.05828920236914,53.803944915967804,13.403639713175995,-0.0357290287961976,0.365583365640336,0.705077552860024
427.0,-526.1409569635898,-515.3479661804083,-554.4388092114633,590.575982487398,597.118052521459,644.567385855951,44.158007058455304,53.93614821385297,13.422529092267236,-0.0359780460785865,0.36565860185413,0.704865541822053
428.0,-526.8379053727904,-516.0750786540298,-555.2477904323804,591.333816271433,597.904531485298,645.439338112224,44.257696013499135,54.06831022729116,13.441387309252733,-0.0362260878303114,0.365733498689471,0.704654053638471
429.0,-527.5340463704692,-516.8013465826737,-556.0558353727283,592.090776645254,598.69010717924,646.310296950813,44.35735609292683,54.20043094536631,13.460214478821872,-0.0364731604774589,0.365808058427515,0.704443085984411
430.0,-528.2293827619897,-517.5267728981885,-556.8629472651307,592.846866632083,599.474782712579,647.180265759979,44.45698732190311,54.33251035763599,13.479010715143646,-0.0367192703871112,0.365882283327218,0.704232636549455
431.0,-528.9239173365048,-518.2513605155106,-557.6691293236727,593.602089237732,600.258561176804,648.049247908764,44.556589725394325,54.464548454016665,13.497776131615488,-0.0369644238693371,0.365956175627948,0.704022703038077
432.0,-529.6176528670886,-518.9751123328004,-558.4743847440519,594.356447450742,601.041445645743,648.917246747144,44.656163328283206,54.596545224838366,13.516510840968381,-0.0372086271757142,0.366029737548597,0.703813283169645
433.0,-530.3105921108643,-519.6980312315778,-559.2787167037235,595.109944242515,601.823439175707,649.784265606181,44.75570815528549,54.72850066081131,13.535214955304335,-0.0374518865020503,0.366102971287941,0.703604374677563
434.0,-531.0027378091318,-520.4201200768547,-560.0821283620464,595.862582567459,602.604544805624,650.650307798171,44.85522423101043,54.86041475304631,13.553888586042916,-0.0376942079880493,0.366175879024999,0.703395975309885
435.0,-531.6940926874955,-521.1413817172671,-560.8846228604269,596.614365363118,603.38476555718,651.515376616794,44.95471157997263,54.99228749303166,13.572531844040919,-0.0379355977181082,0.366248462919166,0.703188082828093
436.0,-532.3846594559886,-521.8618189852068,-561.6862033224611,597.36529555031,604.164104434956,652.379475337255,45.054170226614936,55.124118872627065,13.591144839191866,-0.0381760617217897,0.366320725110479,0.702980695010659
437.0,-533.074440809197,-522.58143469695,-562.4868728540762,598.115376033254,604.942564426562,653.242607216436,45.15360019526219,55.25590888407591,13.609727681208458,-0.0384156059753933,0.366392667719696,0.702773809646075
438.0,-533.7634394263822,-523.300231652785,-563.2866345436692,598.864609699709,605.720148502773,654.104775493031,45.253001510189456,55.38765751999551,13.62828047886486,-0.0386542364006148,0.366464292848886,0.702567424538939
439.0,-534.4516579716036,-524.0182126371394,-564.0854914622461,599.6129994211,606.496859617657,654.965983387697,45.35237419566348,55.51936477336332,13.646803340375817,-0.0388919588672064,0.366535602581216,0.702361537507394
440.0,-535.1390990938374,-524.7353804187057,-564.8834466635577,600.360548052645,607.272700708712,655.826234103185,45.45171827585324,55.651030637512825,13.66529637332923,-0.0391287791924263,0.366606598981354,0.702156146383107
441.0,-535.825765427098,-525.4517377505651,-565.6805031842357,601.107258433488,608.047674696994,656.685530824487,45.55103377482648,55.782655106170346,13.683759684691045,-0.0393647031419217,0.366677284095768,0.701951249011287
442.0,-536.5116595905527,-526.1672873703105,-566.476664043926,601.85313338682,608.821784487241,657.543876718967,45.65032071672142,55.9142381733669,13.702193380810927,-0.0395997364303966,0.366747659952674,0.701746843250516
443.0,-537.1967841886418,-526.8820320001685,-567.2719322454216,602.598175720009,609.595032968008,658.401274936503,45.749579125559144,56.045779833518736,13.720597567421633,-0.0398338847220055,0.366817728562501,0.701542926972907
444.0,-537.8811418111924,-527.5959743471187,-568.0663107747943,603.342388224719,610.367423011786,659.257728609619,45.84880902534335,56.17728008138051,13.738972349655747,-0.0400671536310464,0.366887491917945,0.701339498063426
445.0,-538.5647350335325,-528.3091171030152,-568.8598026015238,604.085773677037,611.138957475132,660.113240853616,45.94801044004601,56.308738912049634,13.757317832036511,-0.0402995487224703,0.366956951994202,0.701136554420411
446.0,-539.2475664166063,-529.0214629447016,-569.6524106786278,604.828334837593,611.909639198791,660.967814766711,46.047183393607725,56.440156321018385,13.775634118492494,-0.0405310755124556,0.367026110749502,0.700934093955069
447.0,-539.9296385070843,-529.7330145341306,-570.4441379427881,605.570074451677,612.679471007814,661.821453430162,46.1463279099425,56.57153230389663,13.79392131235205,-0.0407617394689391,0.36709497012366,0.700732114591625
448.0,-540.6109538374751,-530.4437745184781,-571.2349873144765,606.310995249362,613.448455711686,662.674159908399,46.24544401293222,56.70286685695412,13.81217951636573,-0.0409915460121652,0.367163532041468,0.70053061426687
449.0,-541.2915149262358,-531.1537455302582,-572.024961698082,607.051099945622,614.216596104443,663.525937249155,46.34453172644443,56.83415997657095,13.830408832690093,-0.0412205005151929,0.367231798409731,0.700329590930368
